variable,level,reference,coef,variance,df,p_reference,p_level,imputation
income_group,200-399%,400%+,0.690393700999725,0.0124252840936563,986,0.0943950224420826,0.188270930367987,1
income_group,100-199%,400%+,0.914201794052915,0.0145503994123989,986,0.0943950224420826,0.235495107300456,1
income_group,<100%,400%+,0.646423936144264,0.0193492773757791,986,0.0943950224420826,0.180172059338681,1
insurance,Public without private,Private,-0.33566173352523,0.00491751933395902,986,0.202000361516946,0.144402964144168,1
insurance,Military only,Private,-0.190568552428436,0.0559076070063464,986,0.202000361516946,0.16695109657617,1
insurance,Uninsured,Private,0.677315434489261,0.0103937879432581,986,0.202000361516946,0.39765505025609,1
disability,With disability,Without disability,0.16384045444957,0.00400643915526039,986,0.166601409413283,0.196260850441921,1
young,18-64,65+,0.762587986572016,0.00472970347305849,988,0.119184752734729,0.25551032498371,1
income_group,200-399%,400%+,0.706330187412098,0.0127512514823206,986,0.0928742861045866,0.188213508849006,2
income_group,100-199%,400%+,0.923931216353939,0.014804181487539,986,0.0928742861045866,0.233966521061721,2
income_group,<100%,400%+,0.690768084407009,0.019317860158139,986,0.0928742861045866,0.185307183756594,2
insurance,Public without private,Private,-0.332512546890436,0.00499331244475694,986,0.201577624932972,0.144555280110306,2
insurance,Military only,Private,-0.196785724864537,0.0571738300944605,986,0.201577624932972,0.165569131027663,2
insurance,Uninsured,Private,0.682131866719534,0.0104864209722779,986,0.201577624932972,0.398738737554015,2
disability,With disability,Without disability,0.164009736867059,0.00398715130997423,986,0.166583090216276,0.196272492615063,2
young,18-64,65+,0.755713551765081,0.00479510272308995,988,0.119585127496778,0.254612309543649,2
income_group,200-399%,400%+,0.626603635132899,0.0112203443131368,986,0.100878603684947,0.188768516758095,3
income_group,100-199%,400%+,0.81622962680616,0.0130248692780433,986,0.100878603684947,0.228182894676099,3
income_group,<100%,400%+,0.596318074272624,0.0173056584287243,986,0.100878603684947,0.183137259661378,3
insurance,Public without private,Private,-0.325560966692413,0.00494720007159602,986,0.200506519585347,0.14479019971874,3
insurance,Military only,Private,-0.172524235591711,0.0550635941417676,986,0.200506519585347,0.168733834103983,3
insurance,Uninsured,Private,0.697632157757404,0.0103377742716978,986,0.200506519585347,0.402815612736362,3
disability,With disability,Without disability,0.165690453472727,0.00401097719708187,986,0.166471512643715,0.196470963712026,3
young,18-64,65+,0.755626196604427,0.00474723056915955,988,0.119607416422976,0.254637520697009,3
income_group,200-399%,400%+,0.704922445839368,0.0119523621221265,986,0.0940059106024492,0.190238796153594,4
income_group,100-199%,400%+,0.90043029070497,0.0147243947728287,986,0.0940059106024492,0.23131674221792,4
income_group,<100%,400%+,0.668180935628196,0.0186084558698238,986,0.0940059106024492,0.183375982563975,4
insurance,Public without private,Private,-0.333818877212529,0.00500237540530219,986,0.201778041518056,0.144510101501587,4
insurance,Military only,Private,-0.195625570117882,0.0568510789039526,986,0.201778041518056,0.16592613489059,4
insurance,Uninsured,Private,0.676526954882006,0.0104886672870639,986,0.201778041518056,0.39690431988312,4
disability,With disability,Without disability,0.163253495487854,0.00400780512814444,986,0.166636622432305,0.196187144701587,4
young,18-64,65+,0.756083876581613,0.00474330891927422,988,0.11954739682356,0.254626252989647,4
income_group,200-399%,400%+,0.681920976851376,0.0123361948865388,986,0.0958858670891239,0.189630904801754,5
income_group,100-199%,400%+,0.878507639413868,0.0141778066634528,986,0.0958858670891239,0.230826475311372,5
income_group,<100%,400%+,0.646528660338227,0.0185197864308204,986,0.0958858670891239,0.183036806317119,5
insurance,Public without private,Private,-0.330552823871736,0.00493572618480134,986,0.20130275566005,0.144641345354406,5
insurance,Military only,Private,-0.175157305401007,0.0554316832890047,986,0.20130275566005,0.16895843137467,5
insurance,Uninsured,Private,0.681969209980584,0.0103656604072636,986,0.20130275566005,0.398130257484703,5
disability,With disability,Without disability,0.162794789115358,0.00402397603655893,986,0.166684522361667,0.19615354145067,5
young,18-64,65+,0.759258146926092,0.00480389944398323,988,0.119381819870498,0.255082003011648,5
income_group,200-399%,400%+,0.699862489582478,0.0126961574376069,986,0.0949113272033555,0.191101661849199,6
income_group,100-199%,400%+,0.891065313063857,0.0145958284314094,986,0.0949113272033555,0.23136773494468,6
income_group,<100%,400%+,0.652822699068037,0.0191323600214896,986,0.0949113272033555,0.182320432460762,6
insurance,Public without private,Private,-0.327200102477994,0.00495765687101381,986,0.200810205228546,0.144772002289137,6
insurance,Military only,Private,-0.192623226474037,0.0572826890334145,986,0.200810205228546,0.165626786467871,6
insurance,Uninsured,Private,0.690979495063609,0.0102127881088127,986,0.200810205228546,0.40075076661601,6
disability,With disability,Without disability,0.159385594413781,0.00402322942689371,986,0.166897432738939,0.195735653628651,6
young,18-64,65+,0.761314796124577,0.00480768038391029,988,0.119274418595957,0.25537720131476,6
income_group,200-399%,400%+,0.698080277168387,0.0129060409224826,986,0.0942343063064666,0.189400643495691,7
income_group,100-199%,400%+,0.901166630054835,0.014857614397004,986,0.0942343063064666,0.232049551098316,7
income_group,<100%,400%+,0.664522860508415,0.0194111999554612,986,0.0942343063064666,0.183150306302136,7
insurance,Public without private,Private,-0.332887106811371,0.00490591066381127,986,0.201688961830849,0.144580957614581,7
insurance,Military only,Private,-0.198913125566439,0.0570098177107014,986,0.201688961830849,0.165308527615813,7
insurance,Uninsured,Private,0.679701438194213,0.0103705303497691,986,0.201688961830849,0.397990508089774,7
disability,With disability,Without disability,0.162461551976716,0.00400077701264086,986,0.166695411586467,0.196100996813375,7
young,18-64,65+,0.753799873934482,0.00474312110506526,988,0.119695253279978,0.254359553388717,7
income_group,200-399%,400%+,0.702988882976204,0.0127335825228291,986,0.0948180024734346,0.191511560264924,8
income_group,100-199%,400%+,0.888086807050213,0.0147822241772206,986,0.0948180024734346,0.230452806581186,8
income_group,<100%,400%+,0.649511881127785,0.0192288313270806,986,0.0948180024734346,0.181539120762237,8
insurance,Public without private,Private,-0.330028811461888,0.00502615523938117,986,0.201147756189956,0.144605729489055,8
insurance,Military only,Private,-0.182976360235403,0.0559962305336216,986,0.201147756189956,0.16751340588364,8
insurance,Uninsured,Private,0.68965825301532,0.0104613844288314,986,0.201147756189956,0.400894378134911,8
disability,With disability,Without disability,0.160932573263035,0.00403695122906426,986,0.166811429941337,0.195937667495456,8
young,18-64,65+,0.756758400623392,0.00472502081750098,988,0.119519508366944,0.254738622227689,8
income_group,200-399%,400%+,0.680784322103821,0.0124803412542802,986,0.097354063174799,0.192315795835337,9
income_group,100-199%,400%+,0.830903536528398,0.0146193122302289,986,0.097354063174799,0.223465715767861,9
income_group,<100%,400%+,0.641170374414086,0.0189708804705715,986,0.097354063174799,0.184846332201715,9
insurance,Public without private,Private,-0.3205561785058,0.0049612435803022,986,0.199924312112741,0.145094126048588,9
insurance,Military only,Private,-0.177958319845614,0.0558840909923618,986,0.199924312112741,0.167332112576902,9
insurance,Uninsured,Private,0.699316161851763,0.0102785984264271,986,0.199924312112741,0.402322906963008,9
disability,With disability,Without disability,0.161725349769712,0.00405022453191268,986,0.166752979443037,0.196024353121153,9
young,18-64,65+,0.749248608892652,0.00474676102175983,988,0.119932758455723,0.25370694686146,9
income_group,200-399%,400%+,0.670961000528812,0.0127228396284465,986,0.097980038422537,0.191660344982615,10
income_group,100-199%,400%+,0.843398620759683,0.0147289213837202,986,0.097980038422537,0.227730380860521,10
income_group,<100%,400%+,0.605185137708639,0.0189256983461426,986,0.097980038422537,0.17945938341164,10
insurance,Public without private,Private,-0.315044843443899,0.00500971312441428,986,0.199355541729998,0.145480932366126,10
insurance,Military only,Private,-0.181373445502068,0.0568053169599402,986,0.199355541729998,0.166287202166985,10
insurance,Uninsured,Private,0.698711732985215,0.0104212137491997,986,0.199355541729998,0.400935916545764,10
disability,With disability,Without disability,0.164492763011913,0.00401260889349999,986,0.166555711578151,0.196335046457999,10
young,18-64,65+,0.758634261116558,0.00476165883161679,988,0.119410225884831,0.25498356760935,10
