model,term,log_PR,se,PR,lower,upper,p,df,missing_information
M1,(Intercept),-1.71161203916432,0.259839531455685,0.180574464754989,0.108445742218875,0.300676971307366,7.23314516356951e-11,1000.00597014925,0.00199400607725434
M1,yearf2020,-0.159307145239324,0.131697093005964,0.852734405429264,0.658532439820934,1.10420675160745,0.226699815141652,1000.00597014925,0.00199400607725434
M1,yearf2021,-0.0608607617599407,0.112592219204721,0.940954247468552,0.754420878730596,1.17360868553756,0.58894405045019,1000.00597014925,0.00199400607725434
M1,yearf2022,-0.203299187399193,0.118858522837753,0.816034057791694,0.646268704680463,1.0303942905687,0.087496547187016,1000.00597014925,0.00199400607725434
M1,yearf2023,-0.239104200704579,0.112608142969675,0.787332837461792,0.631233423288362,0.98203449639335,0.0339713004988071,1000.00597014925,0.00199400607725434
M1,yearf2024,0.0309804656224902,0.102432498491338,1.0314653546561,0.843642183178761,1.26110429168807,0.762373751558639,1000.00597014925,0.00199400607725434
M1,yearf2025,-0.158247737765044,0.117022746319937,0.853638277331738,0.678489656450991,1.07400061533368,0.176590885038422,1000.00597014925,0.00199400607725434
M1,"splines::ns(age, df = 3)1",-0.869980183631212,0.142704547184783,0.418959851428303,0.316632054199457,0.554357509863025,1.54749103935431e-09,1000.00597014925,0.00199400607725434
M1,"splines::ns(age, df = 3)2",-0.949044380891069,0.484621685776131,0.387110777210461,0.149563167930853,1.00194958361519,0.0504701553161913,1000.00597014925,0.00199400607725434
M1,"splines::ns(age, df = 3)3",-2.1271371187507,0.151430344370718,0.119177998378293,0.0885405358718702,0.160416866213804,4.85887919722354e-41,1000.00597014925,0.00199400607725434
M1,sex2,0.259928141422394,0.0648424559905947,1.29683689446286,1.14189053954654,1.47280835824065,6.56154748041139e-05,1000.00597014925,0.00199400607725434
M1,race2,-0.00514323655742718,0.123479850787473,0.99486996723727,0.780787251345296,1.26765165543536,0.966784086325062,1000.00597014925,0.00199400607725434
M1,race3,-0.0300774392929955,0.135430045186096,0.97037038584223,0.74390859509087,1.26577202082815,0.824290430394939,1000.00597014925,0.00199400607725434
M1,race4,-0.386235778503456,0.29112972768178,0.67961026929633,0.383839410153527,1.2032899851224,0.184917666824495,1000.00597014925,0.00199400607725434
M1,race5,-0.181478922677529,0.321852553773485,0.834035824360242,0.443497655927149,1.56847673718152,0.572977653605046,1000.00597014925,0.00199400607725434
M1,race6,0.0746694318962303,0.232212416126973,1.07752789565134,0.68317101413428,1.69952521679821,0.747855835081838,1000.00597014925,0.00199400607725434
M1,race7,-0.0211477580877803,0.338908767858503,0.979074287736586,0.503484841627379,1.90390331873454,0.950257114562502,1000.00597014925,0.00199400607725434
M1,region2,0.246629965012772,0.120172761262996,1.27970548935065,1.01086890283257,1.62003810275032,0.0404008744228178,1000.00597014925,0.00199400607725434
M1,region3,0.439691160442619,0.110323607388825,1.55222775514367,1.25006910738248,1.92742224378572,7.22399785061018e-05,1000.00597014925,0.00199400607725434
M1,region4,0.105522909841903,0.135993311549196,1.11129156374525,0.851000912440395,1.4511957879221,0.437966754571716,1000.00597014925,0.00199400607725434
M2,(Intercept),-2.41777917325547,0.270776034602829,0.0891193164119121,0.0523844905428486,0.151614580487903,2.07109456161442e-18,982.985303317171,0.00742360237682997
M2,yearf2020,-0.146187774109668,0.129200342721235,0.86399545197508,0.670503688919267,1.11332443559979,0.258126843234743,988.995236784271,0.00384072069965324
M2,yearf2021,-0.030908364407743,0.110447081900921,0.969564415614851,0.780636254535791,1.20421662530339,0.779652869140828,988.73890028464,0.00403520562444758
M2,yearf2022,-0.18188514363828,0.112903274883348,0.833697090331458,0.668016586400985,1.04046943231126,0.107502297161827,990.322769096283,0.00271125424585506
M2,yearf2023,-0.177328669222978,0.107293368718613,0.837504477337166,0.678495233310702,1.03377844843105,0.0987004155974106,987.669413825784,0.0047886203050291
M2,yearf2024,0.0636154220452772,0.101344978747368,1.06568248195478,0.873487957375279,1.30016578105767,0.530338042761744,987.115019799513,0.00514902518478142
M2,yearf2025,-0.109071808861551,0.112139842080678,0.896666026619782,0.719548470761313,1.11738124110448,0.330969768252132,988.200225292575,0.00442535238330379
M2,"splines::ns(age, df = 3)1",-0.716946608841302,0.141839980464485,0.488240772349711,0.369616328085084,0.64493647512717,5.13947866692846e-07,985.344340365669,0.00619840013246356
M2,"splines::ns(age, df = 3)2",-1.00608296997468,0.488786973961773,0.365648434030622,0.140118311061828,0.954184904855521,0.0398218219312417,983.597370068877,0.00712077199135182
M2,"splines::ns(age, df = 3)3",-2.01867020880623,0.15775689009075,0.132831986491687,0.0974664566200383,0.181029835773267,8.40481647030735e-35,988.731744933303,0.00404054753288066
M2,sex2,0.223624389984938,0.0634217024308976,1.25060119286522,1.10424983655195,1.41634917373368,0.000441456923239951,978.706581057612,0.00932792357679504
M2,race2,0.178158311507109,0.121201523455891,1.1950144908056,0.94206298389624,1.51588551683574,0.141897252753879,989.799738066317,0.00318479662428562
M2,race3,0.0986300327543651,0.134272770847609,1.10365790674168,0.848010838388703,1.43637406501531,0.462787665378509,990.110553535518,0.00290873585617728
M2,race4,-0.229995830512902,0.27806525512544,0.794536915307845,0.460399613136163,1.37117602138428,0.408363162173643,990.569953704694,0.00247058393747477
M2,race5,-0.102860805521413,0.324714632643031,0.902252553315016,0.477081183575329,1.70633363458764,0.751482671978547,990.26970511656,0.00276137928485821
M2,race6,0.109332655205053,0.220880446684807,1.11553337661026,0.723164781030497,1.72078998725327,0.620720732404308,984.088917131993,0.00687048340659133
M2,race7,0.219132749090582,0.339216414473739,1.24499653787633,0.639840823314321,2.42250310209202,0.51843159489515,986.583819625603,0.00547866866482718
M2,region2,0.169118096422606,0.114836919577663,1.18425998753396,0.945317466868773,1.48359865042949,0.141155988519018,987.040763721578,0.00519597807697381
M2,region3,0.356525790246716,0.106957716936537,1.42835836775835,1.15793200804993,1.76194078111822,0.000889945156467169,989.034623783966,0.00381027944806337
M2,region4,0.14299840399122,0.130867274802695,1.15372796030459,0.892426696983421,1.49153786063093,0.274792423398444,989.390075332755,0.00352823191335553
M2,educationSome college or associate,-0.0630455954360405,0.0894437476381984,0.938900663128024,0.787754632233775,1.11904699655341,0.48106271188405,981.264375260229,0.00822959830576929
M2,educationHigh school or GED,-0.211086306773161,0.0936830258123212,0.809704180910434,0.673727529367667,0.973124641647308,0.0244679275359824,976.593711852293,0.010165426827574
M2,educationLess than high school,-0.0976666098147653,0.112525663737476,0.906951221992053,0.727249473423162,1.13105687818664,0.385634484540648,979.542920225341,0.00898010385681428
M2,income_group200-399%,0.827302312001179,0.118433138995601,2.28714041915935,1.81258712033956,2.8859364817579,6.89709648436278e-12,666.248322859975,0.0650797713741983
M2,income_group100-199%,1.08075631052552,0.126334428697886,2.94690748560326,2.29908630861683,3.77726738494176,1.64623817140267e-16,474.20463400712,0.0988218251418344
M2,income_group<100%,0.889396010628944,0.137898640886077,2.43365930294544,1.85645459899481,3.1903272000402,2.04561111157219e-10,726.375917417607,0.0559207501239708
M2,insurancePublic without private,-0.235586036960653,0.0738811906154104,0.79010768162088,0.683470475796587,0.913382758529157,0.00147495523408123,967.857281179288,0.013180427356311
M2,insuranceMilitary only,-0.188766640217832,0.23110125813547,0.827979701314668,0.526095547204365,1.30309102487579,0.414231921810225,987.842487417704,0.00467227163839984
M2,insuranceUninsured,0.563679489124926,0.0958516588402835,1.75712594613323,1.4558271059653,2.12078177272802,5.65119950096277e-09,950.636888360865,0.0179503797034015
M3,(Intercept),-2.42427306704635,0.261869712419211,0.0885424600854754,0.0529628570560577,0.148023873215339,1.28685849869425e-19,977.730546412341,0.00657985994536664
M3,yearf2020,-0.118188129362341,0.126686974843186,0.888528878518596,0.692950654167588,1.13930705341477,0.351093401854465,981.887164307894,0.00395137900985258
M3,yearf2021,-0.0414557279409394,0.108132395925081,0.95939180865209,0.775960846916859,1.18618438825348,0.701521600541019,980.69885930851,0.00480290020636379
M3,yearf2022,-0.177202173252448,0.111404455138594,0.837610424979683,0.673127830513163,1.0422852721745,0.112016555427052,983.163331671614,0.002880693981362
M3,yearf2023,-0.15742243288039,0.106629707344972,0.854343079970273,0.693037661086146,1.0531925453361,0.140171651699138,981.187988065567,0.00446549797290143
M3,yearf2024,0.0572154512793787,0.100525478899334,1.05888392371704,0.869310527190978,1.28979821230219,0.569375688628323,978.492151323212,0.00615935241680778
M3,yearf2025,-0.121519916076204,0.111033227758649,0.885573416025597,0.712190416293934,1.10116656617235,0.27402798151299,980.662204517684,0.00482753822995064
M3,"splines::ns(age, df = 3)1",-0.863775822794814,0.14642271205337,0.421567309965034,0.316284377310653,0.561896222451102,5.02396473428885e-09,981.09627663447,0.00453003851598025
M3,"splines::ns(age, df = 3)2",-1.63607613587265,0.500241816876374,0.19474268890258,0.0729672758030132,0.519749633841216,0.00111071232944724,980.213858047308,0.00512226763195441
M3,"splines::ns(age, df = 3)3",-2.06701434490208,0.157847259429879,0.126563091906252,0.0928498680699141,0.17251738280133,3.15780120618786e-36,981.124931415396,0.00450993932898143
M3,sex2,0.23690702570634,0.062612068360875,1.26732328381045,1.12079309890393,1.43301052376107,0.000163948652418281,971.560866675293,0.00945465528746285
M3,race2,0.182391363871912,0.118512755264036,1.20008377141743,0.95106216463389,1.51430801473834,0.12412577760776,982.55526657598,0.00341642549513244
M3,race3,0.130504052081372,0.132094852169145,1.13940255683608,0.879223522270834,1.47657353749084,0.323416639006082,983.458515855146,0.00259896073049689
M3,race4,-0.253302259164059,0.280703628025387,0.776233222756573,0.447468591016972,1.34654817836857,0.367074172068573,983.827275290663,0.0022215805119848
M3,race5,-0.194587432021129,0.342512659116254,0.823174203325774,0.420324807176119,1.61212414174045,0.570084939801478,982.974175878778,0.00305323565183417
M3,race6,0.0559500150164402,0.220926370187044,1.05754482105496,0.68550476017178,1.6315000471476,0.800127367732418,967.940731900509,0.0108625816925833
M3,race7,0.232250364173521,0.295040164569168,1.26143550755514,0.706994508997041,2.25068160992966,0.431365435640856,980.574981084387,0.00488582577385686
M3,region2,0.186782262645897,0.112711916575058,1.2053648035319,0.966182982631687,1.50375688219644,0.0978059609233714,980.596477367701,0.00487150490049915
M3,region3,0.350398635123029,0.105385881314977,1.41963335152705,1.15441208167624,1.74578808101311,0.000917199309436261,981.946554184248,0.00390572201677126
M3,region4,0.218025384538234,0.130495901309019,1.2436186359032,0.962657802345271,1.60658056040045,0.0950904473846504,982.73015952824,0.00326774058727536
M3,educationSome college or associate,-0.110968688529025,0.0869336400248989,0.8949667712164,0.7546002526558,1.06144348449729,0.202091137283327,975.6067658456,0.00766063792312083
M3,educationHigh school or GED,-0.293008329931842,0.0906351497091667,0.746015926409519,0.624458310578437,0.89123605696132,0.00126680329618808,975.196704685174,0.00785638042401255
M3,educationLess than high school,-0.225469480726498,0.10857385658193,0.798141418772443,0.644980859674436,0.987672292603596,0.0380955005907941,975.682769016005,0.00762394573850168
M3,income_group200-399%,0.72867819894813,0.117505331563334,2.07233957589261,1.64540981676171,2.61004357337727,9.37360283582331e-10,729.960881463834,0.0547894307203602
M3,income_group100-199%,0.915174133591934,0.128190873333733,2.49721006220419,1.94117356254732,3.21251958871239,3.47359149563171e-12,482.426928007184,0.0967766435020699
M3,income_group<100%,0.692502829519594,0.139841812954882,1.9987117130184,1.51888785734968,2.63011419337278,9.06336529771469e-07,755.976301092616,0.0508452982611814
M3,insurancePublic without private,-0.327689225986405,0.0719961508172653,0.720586924602291,0.625642504233416,0.829939641879041,6.00578992055854e-06,965.792220046063,0.0116350014074657
M3,insuranceMilitary only,-0.205910417932602,0.230680524217718,0.813905984397992,0.517578489553614,1.27988887639088,0.372278613946131,981.623987175027,0.00414976308570037
M3,insuranceUninsured,0.583994168307143,0.0941463179675759,1.79318643450765,1.49067853880478,2.15708317064821,8.30802377655473e-10,934.246520450077,0.0203343070844763
M3,hypertensionYes,-0.0125914794505921,0.0726831911267607,0.987487461551417,0.856223234419605,1.13887529270595,0.862500265936617,979.57946749884,0.00552033990746329
M3,diabetesYes,0.115635997827954,0.0755157324985055,1.12258717358469,0.96796931286505,1.30190280368171,0.12602162238351,981.318859907349,0.00437230927332074
M3,coronaryYes,0.31387159406092,0.0740171357914085,1.36871397425996,1.18367185117741,1.582683529621,2.44089493511764e-05,980.335945599409,0.0050431852540837
M3,smokingFormer,-0.0170978951076932,0.0751350369022115,0.983047444388826,0.848282202199356,1.1392226259302,0.820034053673245,980.25669213908,0.00509461818686504
M3,smokingCurrent,0.19329725738376,0.0794982238867285,1.21324338547678,1.03799465928342,1.41808004428397,0.015216455893917,978.53811381549,0.006133312522594
M3,fairpoorFair or poor,0.456602906411687,0.0737876610927199,1.5787018673761,1.36588541795421,1.82467691161802,8.93862297770765e-10,979.790731206794,0.0053900589114853
M3,disabilityWith disability,0.174577677024486,0.0634690051366192,1.19074323218401,1.05129963948821,1.34868251803287,0.0060580810362616,981.6765108642,0.00411066685630009
Age_M1,(Intercept),-2.46529150748477,0.175759697467583,0.084984065269407,0.0601935067389891,0.119984558816819,6.09095305618827e-41,1002.00595829196,0.00199003795300783
Age_M1,yearf2020,-0.144308929251512,0.131878547875585,0.865620291320036,0.668246120215021,1.12129119208935,0.274105567548243,1002.00595829196,0.00199003795300783
Age_M1,yearf2021,-0.0694923064803146,0.111336747397533,0.932867310389964,0.749782415644192,1.16065861326785,0.532662452369672,1002.00595829196,0.00199003795300783
Age_M1,yearf2022,-0.188532168417601,0.119960259445884,0.828173861967499,0.654466877262929,1.047985726206,0.116353963711088,1002.00595829196,0.00199003795300783
Age_M1,yearf2023,-0.236479519463417,0.112264710025175,0.789402049513965,0.633319393556238,0.983951545013777,0.0354138222937908,1002.00595829196,0.00199003795300783
Age_M1,yearf2024,0.0215390267629129,0.102045610447828,1.02177266603886,0.836349595509509,1.24830499909327,0.832873581219987,1002.00595829196,0.00199003795300783
Age_M1,yearf2025,-0.154693170693823,0.117397572038616,0.856677991075714,0.680405418065156,1.07861748438229,0.18790987696389,1002.00595829196,0.00199003795300783
Age_M1,young18-64,0.921074150488504,0.0679044280776806,2.51198719356161,2.19860476350047,2.87003820121406,1.33023503613009e-38,1002.00595829196,0.00199003795300783
Age_M1,sex2,0.249033550104618,0.065097376571196,1.28278506992116,1.1289530895855,1.45757830931382,0.000138548396306634,1002.00595829196,0.00199003795300783
Age_M1,race2,-0.0593909032007965,0.123782294452348,0.942338334079541,0.739121361283462,1.20142859128549,0.631473414938133,1002.00595829196,0.00199003795300783
Age_M1,race3,-0.0534034304352098,0.135595759311075,0.947997484288064,0.726521180212947,1.23698971852835,0.693780805019393,1002.00595829196,0.00199003795300783
Age_M1,race4,-0.454148475736577,0.293754167242978,0.634988445869189,0.356795546595354,1.13008788992721,0.122416597389011,1002.00595829196,0.00199003795300783
Age_M1,race5,-0.185059584371105,0.324382621833343,0.831054764501354,0.439724565260459,1.57064689163161,0.568467992978768,1002.00595829196,0.00199003795300783
Age_M1,race6,0.0672230227296198,0.242095119510991,1.06953398196581,0.665079604762274,1.71994890594865,0.781321477986478,1002.00595829196,0.00199003795300783
Age_M1,race7,-0.0119690667678307,0.344767526616531,0.988102277586355,0.50231984698303,1.9436741686305,0.972312845471802,1002.00595829196,0.00199003795300783
Age_M1,region2,0.251708585243685,0.119464738925696,1.28622115883937,1.01742897043908,1.62602492902491,0.035368265025512,1002.00595829196,0.00199003795300783
Age_M1,region3,0.44185394993488,0.11048040625815,1.55558853003635,1.25239091579448,1.93218877928827,6.81737797135664e-05,1002.00595829196,0.00199003795300783
Age_M1,region4,0.089643706522276,0.136109360412419,1.09378450598619,0.837404239480835,1.4286583338498,0.510294142973003,1002.00595829196,0.00199003795300783
Age_M2,(Intercept),-3.10986151240185,0.203015380880765,0.0446071324471712,0.0299490749145922,0.0664393231121131,1.21644051132328e-47,979.082076085966,0.00995644538029265
Age_M2,yearf2020,-0.122664040120069,0.128397303726566,0.884560789583307,0.68754651387974,1.13802888193409,0.339634936557353,991.208390813048,0.00366669429077365
Age_M2,yearf2021,-0.0272557604794849,0.10943928598115,0.973112326019224,0.785044151288421,1.20623483086449,0.803374414176541,990.218244805726,0.00440378320180363
Age_M2,yearf2022,-0.160143330651528,0.114471729349624,0.852021659394408,0.680601866466798,1.06661609943236,0.162132307616862,992.359804803145,0.00267057192080368
Age_M2,yearf2023,-0.170141835361123,0.106456022944097,0.843545163578171,0.684513371556044,1.03952453314181,0.110309450385921,990.414250307322,0.0042645407037046
Age_M2,yearf2024,0.0604008978725005,0.100695333394532,1.06226231989793,0.871795725390281,1.2943413272298,0.548751530634733,989.044728050609,0.00518301165529601
Age_M2,yearf2025,-0.107539479474771,0.112695611182366,0.898041067561267,0.719866847358324,1.1203151832677,0.340191280346259,990.622687288164,0.00411310654754608
Age_M2,young18-64,0.820681556518268,0.0709712320653102,2.27204783896171,1.97666292640549,2.61157393785794,4.25948951604193e-29,988.85507143373,0.00530141673658375
Age_M2,sex2,0.21013675928879,0.0634660772905224,1.23384678842815,1.0893616607,1.39749538857115,0.000963494044217513,981.126445738668,0.009136039996017
Age_M2,race2,0.120242989519103,0.121635920720243,1.12777085478574,0.888295978867118,1.4318055368507,0.323125231839669,991.938639401922,0.00305706344835616
Age_M2,race3,0.0721008504231098,0.134240110276051,1.0747637289752,0.825863041369469,1.39867873395234,0.591316476071355,992.030267469356,0.00297546223329668
Age_M2,race4,-0.301046032731056,0.279366605643458,0.74004370572974,0.427730107854477,1.2803977936866,0.281473144122879,992.781027209813,0.00225009743075004
Age_M2,race5,-0.132820295051749,0.325632125228169,0.875622431654768,0.462167918857509,1.65895253983086,0.683446468738113,992.243803635131,0.00278005147184664
Age_M2,race6,0.093208212289383,0.227641097455742,1.09769026407892,0.702220247232533,1.71587749086171,0.682296511752293,986.564430207769,0.00660843485935654
Age_M2,race7,0.210660786203705,0.343444926884062,1.23449352679352,0.629200319286604,2.42208120527181,0.539769283228696,986.728721040575,0.00652108887283977
Age_M2,region2,0.174374255554193,0.114748090833319,1.19050103407995,0.950465444975499,1.49115648510712,0.128924482517648,988.893033411191,0.00527786490237017
Age_M2,region3,0.361232541924975,0.107514578424846,1.43509714233159,1.16212478576879,1.77218817905675,0.000809609094351314,990.540804526233,0.00417302464119541
Age_M2,region4,0.131355727466825,0.131014521381636,1.14037337129857,0.881842448175769,1.47469814892338,0.316296428025991,991.467560828298,0.00345790054044933
Age_M2,educationSome college or associate,-0.0684258084067748,0.0896332052768308,0.933862742298118,0.78323718459964,1.11345533460384,0.445408809152647,985.386201652991,0.00721172321850228
Age_M2,educationHigh school or GED,-0.24891614490452,0.0941689142249688,0.779645347878757,0.648098570060301,0.937892623976059,0.00834166644670214,978.183337884289,0.0103010517679942
Age_M2,educationLess than high school,-0.157252406077373,0.111638826883087,0.854488353542691,0.686375001365625,1.06377759225988,0.159276187527296,979.658160773258,0.00973065025789825
Age_M2,income_group200-399%,0.827416622265969,0.119261658431693,2.28740187772969,1.80988001039884,2.89091393914468,9.12670538072888e-12,695.44582047851,0.0607502240191978
Age_M2,income_group100-199%,1.08904656734204,0.127541943803803,2.97143965395691,2.31275337681572,3.81772380298684,1.79209894675127e-16,481.298480470488,0.0974653330838893
Age_M2,income_group<100%,0.917676917278934,0.139035719724443,2.50346786650962,1.90545786191926,3.28915767905437,7.85819828693957e-11,734.819343469971,0.0548209112443408
Age_M2,insurancePublic without private,-0.2177451230503,0.0744280857446141,0.80433042082743,0.695027964483263,0.93082215238551,0.00351805768792582,972.883400972386,0.0121769542846807
Age_M2,insuranceMilitary only,-0.194895674033939,0.23231404499887,0.822920505554612,0.521638502155087,1.29821352462385,0.401710117253604,989.517788410646,0.00487914213859802
Age_M2,insuranceUninsured,0.603082354671324,0.0966541283124237,1.82774388158063,1.51195488747029,2.20948900283974,6.58381727444096e-10,955.358045482045,0.0172282247262437
Age_M3,(Intercept),-3.31610368419726,0.197042097110126,0.0362939693835576,0.0246548926392837,0.0534276191296726,5.58720829053695e-56,973.364719239109,0.00951554362083255
Age_M3,yearf2020,-0.0944897723300511,0.1257329955309,0.909837040091397,0.710898721331026,1.16444637566989,0.452524616156697,984.324311321021,0.00359961420831422
Age_M3,yearf2021,-0.0434963989230261,0.107322404059449,0.957436001885499,0.77561117216696,1.18188562852362,0.685354650873259,982.277691151195,0.00507071326129843
Age_M3,yearf2022,-0.157228404305572,0.112757847382935,0.85450886302329,0.684886917142188,1.06614008635496,0.163514216921242,985.287196269034,0.00275883084915941
Age_M3,yearf2023,-0.154171483885936,0.106236513253005,0.85712502527805,0.695831507876187,1.05580632759823,0.147040228008042,983.689930393321,0.00409232140981442
Age_M3,yearf2024,0.0548011955797261,0.0998932596299813,1.05633059060865,0.868291382635852,1.28509200824762,0.583406544623324,980.700630277286,0.00602832506843829
Age_M3,yearf2025,-0.109910231836955,0.112595515112368,0.895914556290816,0.718301963883093,1.11744493615836,0.329229584990936,983.744297568507,0.00405161511732209
Age_M3,young18-64,0.778893655074808,0.0693101784464378,2.17906013929565,1.90195174053386,2.49654236197095,1.19145737878201e-27,982.167844275779,0.00514139875460072
Age_M3,sex2,0.225208217028137,0.0628647051083449,1.25258349825479,1.10720916839905,1.4170451843068,0.000357236331080817,975.44719495971,0.00863583338458188
Age_M3,race2,0.0984379665879435,0.119920983720385,1.10344595175383,0.872064330604571,1.39621920735802,0.411926449192409,984.744472455444,0.00324879062867631
Age_M3,race3,0.0670025114260149,0.132814258050222,1.06929816363445,0.823963712206544,1.38768072648495,0.614034921305808,985.364383617613,0.00268512505824153
Age_M3,race4,-0.320248613360181,0.284018367998636,0.725968529160861,0.415780159179115,1.26756963673426,0.259778843657458,985.891031178876,0.00214860699347339
Age_M3,race5,-0.27075781962603,0.347322298072418,0.762801209519403,0.385839215311565,1.50805222007931,0.435838446546292,984.975701396041,0.00304567780306688
Age_M3,race6,-0.00884467712860989,0.228800962361268,0.991194321965318,0.632645785474064,1.55294827920191,0.969172067581331,973.437427556924,0.0094858865714687
Age_M3,race7,0.194973745967492,0.299058273347755,1.21527908009442,0.675775606196691,2.18549357060586,0.514580401226913,980.409485829753,0.00619338079820407
Age_M3,region2,0.19206321664036,0.113204467982441,1.21174711712538,0.970361043860247,1.51318015614109,0.0900881253134653,982.727020182877,0.00477420578065043
Age_M3,region3,0.355302976790741,0.106648747409347,1.42661281938382,1.15721689996267,1.75872313694686,0.000895842936876272,984.1911943537,0.00370640944320541
Age_M3,region4,0.194544705385257,0.131269736867722,1.21475778788607,0.938891016468331,1.5716802667689,0.138654227654949,984.730050075208,0.0032612077826228
Age_M3,educationSome college or associate,-0.123681595110911,0.0874124976248366,0.883661158127027,0.74436862737719,1.04901928112389,0.15741008928403,979.526912150217,0.0066754126681824
Age_M3,educationHigh school or GED,-0.331544582958784,0.0914469258077355,0.717814153224539,0.599895678179901,0.858911269594016,0.000303241310096165,977.307490737243,0.00778797959792923
Age_M3,educationLess than high school,-0.303126220673937,0.107994166816296,0.738505875778076,0.597468703146394,0.912835979000409,0.00510192249293081,977.238522283365,0.00782063938144013
Age_M3,income_group200-399%,0.733389727666281,0.118704509369411,2.08212650090273,1.6493122743772,2.62852028273331,1.06066442752314e-09,752.587890362818,0.0515400788982143
Age_M3,income_group100-199%,0.927278727934527,0.129003085884338,2.52762146451423,1.96172628605632,3.25675927028366,2.40244352883311e-12,500.845188034688,0.0931983449336352
Age_M3,income_group<100%,0.730668996907713,0.140872224432053,2.07646929464576,1.57478553422988,2.7379758309218,2.75466283864073e-07,751.46968863706,0.0517090754302139
Age_M3,insurancePublic without private,-0.309301430987821,0.0725739593935009,0.733959498542231,0.636531472729273,0.846299937363003,2.22482435453614e-05,970.380011634783,0.0106775401319417
Age_M3,insuranceMilitary only,-0.215700797218945,0.229975812108871,0.805976416185832,0.513245665832592,1.26566676874704,0.348511654342198,983.196108290611,0.00445070576740361
Age_M3,insuranceUninsured,0.621966201922762,0.0947250000731564,1.86258666535411,1.54661684400401,2.24310830404092,8.52604175639326e-11,942.400425705627,0.0188401900453378
Age_M3,hypertensionYes,-0.0557236622483978,0.0706378073707561,0.945800460154477,0.823376095833268,1.08642759360549,0.430381726242809,981.254781840481,0.00570484799838909
Age_M3,diabetesYes,0.149125593550114,0.074787554431071,1.16081877140478,1.00236680219582,1.34431848410564,0.0464290679104065,983.155487327343,0.00447933446132581
Age_M3,coronaryYes,0.25303936475807,0.0741701355137698,1.2879339750461,1.11347933301387,1.48972134003441,0.000672071536401385,984.581297835484,0.00338766189106766
Age_M3,smokingFormer,-0.020482198363362,0.0741460517891422,0.979726137047978,0.847058823829621,1.13317195525493,0.782420902071533,981.935728886759,0.00528859650439977
Age_M3,smokingCurrent,0.280048775559555,0.0777909305407712,1.32319435030832,1.13586314451649,1.54142098644565,0.000334135188121895,980.126963346463,0.00635056992749252
Age_M3,fairpoorFair or poor,0.476948510716051,0.0739679243205674,1.6111504849337,1.39346730654282,1.86283946018244,1.77452659525254e-10,981.826231847556,0.00535705315454959
Age_M3,disabilityWith disability,0.11051385138881,0.0637444870096479,1.11685181889377,0.985528721758058,1.26567390460339,0.0832846536674445,983.380482510999,0.00431919272928715
AgeInteraction,(Intercept),-3.25393757831084,0.20750991532323,0.0386218315456003,0.0257027318036161,0.0580345265761543,1.47136121155226e-49,969.351439739405,0.00873112590013255
AgeInteraction,yearf2020,-0.294679935135902,0.234896363722592,0.74476992400681,0.469710627379779,1.18090204345457,0.209956082633218,978.607396012273,0.00338628668635826
AgeInteraction,yearf2021,-0.208212985847186,0.16844913042959,0.812034066528889,0.583462181832917,1.1301492122968,0.216733109246717,979.593823350019,0.00247413550809223
AgeInteraction,yearf2022,-0.200199151729986,0.194859205998617,0.818567717667045,0.558450903925292,1.19984246367389,0.304483792521141,979.735028349465,0.00232844232551341
AgeInteraction,yearf2023,-0.15407028284445,0.171053740069823,0.857211771612628,0.61278280351379,1.19913942946463,0.367962733520043,978.350264089103,0.00360046915074113
AgeInteraction,yearf2024,0.019890513320586,0.166671396447104,1.02008964768423,0.735515563321356,1.41476664968663,0.905030708783216,979.494350424718,0.00257407719036675
AgeInteraction,yearf2025,-0.114467258819357,0.183884091981365,0.89184113787191,0.621686535014115,1.27939173587313,0.533760108384787,979.663031365891,0.0024033096414557
AgeInteraction,young18-64,0.690931466242296,0.160481521394536,1.99557347713071,1.45645303540081,2.73425466241116,1.83483876211927e-05,978.831726168541,0.00319247625323329
AgeInteraction,sex2,0.224704511611517,0.0630427641681346,1.25195272403748,1.10626388995994,1.41682797156258,0.000382597068392282,969.235105157836,0.00878217723421586
AgeInteraction,race2,0.100515037485933,0.119677664932562,1.1057402691328,0.87429337099549,1.39845683765134,0.40118002428014,978.768492586354,0.00324780629504187
AgeInteraction,race3,0.0716486461069007,0.132999534100052,1.07427782605003,0.827498333946791,1.39465277475349,0.590206966229906,979.413680694786,0.00265360371963687
AgeInteraction,race4,-0.312306677175817,0.285348468849615,0.731757080618724,0.418001168878773,1.28102135807886,0.274015794734456,979.896949251337,0.0021553136786316
AgeInteraction,race5,-0.269220102491721,0.347432731390657,0.763975084321742,0.386347276230614,1.51070802196111,0.438595250095278,979.019459171323,0.00302474619286979
AgeInteraction,race6,-0.0109097128087343,0.229764831933784,0.989149582281352,0.630144655150612,1.55268617789596,0.962138831703098,965.280345727185,0.0104013728980033
AgeInteraction,race7,0.197559383777249,0.300403487899916,1.21842541752492,0.675736195194186,2.19695275853052,0.510920377937957,974.886276541519,0.00595766320192029
AgeInteraction,region2,0.183805796737821,0.113212781157937,1.20178241036776,0.962364023117255,1.50076366860751,0.104796103753375,976.675693350212,0.00483815649846027
AgeInteraction,region3,0.34515104468101,0.106477652873262,1.41220320934239,1.14591117319966,1.74037739671247,0.00122903967027742,978.058708361093,0.00383414341713311
AgeInteraction,region4,0.189531580680396,0.131072625613098,1.20868329442753,0.934555671770942,1.56321913221051,0.148496083584494,978.87963193661,0.00315017623345844
AgeInteraction,educationSome college or associate,-0.117953775534485,0.0868879258198724,0.888737133064108,0.749414478349201,1.05396107828993,0.174924662014628,973.039737715608,0.00697340249285775
AgeInteraction,educationHigh school or GED,-0.326520794485251,0.0913038594677871,0.721429373140176,0.603085440227435,0.86299602960594,0.000365816056644833,971.0449362043,0.0079603732707057
AgeInteraction,educationLess than high school,-0.30182595643582,0.107555634571437,0.739466753119834,0.598760092611558,0.91323901795895,0.00511272502234961,970.8012039405,0.00807470484247517
AgeInteraction,income_group200-399%,0.734878457664163,0.11850580908163,2.08522853355562,1.65240733459486,2.63142019895513,9.28372789593362e-10,744.668876594161,0.0522013445943104
AgeInteraction,income_group100-199%,0.928834360066266,0.128849817413015,2.53155657367885,1.96535402353922,3.26087748516455,2.13373785406157e-12,493.4339528782,0.0943459246051645
AgeInteraction,income_group<100%,0.732737674607196,0.140789184730412,2.08076928648441,1.57829366447328,2.74321624741602,2.52138586466617e-07,740.69641531739,0.0528071088669091
AgeInteraction,insurancePublic without private,-0.316261610450738,0.0726067301706901,0.7288687455425,0.632075147996371,0.840484948526638,1.46757647541311e-05,964.515161019186,0.0106925915929876
AgeInteraction,insuranceMilitary only,-0.225515707120555,0.228003643971086,0.798104524425458,0.510201820736134,1.24846836294968,0.322864880398522,977.048589180429,0.00458198672171305
AgeInteraction,insuranceUninsured,0.620717614886218,0.0951324713424812,1.86026251504323,1.54345033257788,2.24210429829321,1.11292445749971e-10,937.577189379137,0.0186696897530418
AgeInteraction,hypertensionYes,-0.0567597307729658,0.0704628475911197,0.944821053520993,0.822805026683964,1.08493117351773,0.42071198078691,975.083898979411,0.00584155289140574
AgeInteraction,diabetesYes,0.153752196043941,0.0752907687145329,1.16620186153427,1.00602003908744,1.35188836107049,0.0414084530520874,977.148007790684,0.00451205479905927
AgeInteraction,coronaryYes,0.254659367658411,0.0739970859248638,1.29002212276713,1.11566217056087,1.49163171535339,0.000603014265746039,978.368633311727,0.003585431138165
AgeInteraction,smokingFormer,-0.0198145146490694,0.0745082309993753,0.980380502664475,0.84702142146978,1.13473627188417,0.790343698486069,975.953828500065,0.00530955409080412
AgeInteraction,smokingCurrent,0.282049471008966,0.0779042271043184,1.32584430922011,1.13788360320922,1.54485320584071,0.000309222660119274,974.165018004285,0.00636837787103073
AgeInteraction,fairpoorFair or poor,0.476240221929261,0.0737481448579287,1.61000972915135,1.39307978109962,1.86071994090383,1.67443682233967e-10,975.583722145172,0.00554027918220158
AgeInteraction,disabilityWith disability,0.108216216020381,0.0638773851629965,1.11428864639888,0.983009595868283,1.26309976292421,0.0905603172605546,977.327776994204,0.00438373438805127
AgeInteraction,yearf2020:young18-64,0.302556791110148,0.27741025386446,1.3533145304734,0.785188854413892,2.33250918947079,0.275696657592795,978.028407750294,0.00385791269189946
AgeInteraction,yearf2021:young18-64,0.251037650915967,0.214515748738858,1.28535847834421,0.843727160877665,1.95815246261923,0.242184150578523,978.66707357832,0.00333539180963452
AgeInteraction,yearf2022:young18-64,0.0632698839723962,0.237669342065639,1.06531431169575,0.668225428837144,1.69837083973105,0.79013373105358,979.65070747248,0.00241600192283429
AgeInteraction,yearf2023:young18-64,-0.00582676823429989,0.227407670913747,0.994190174456711,0.636297302404539,1.55338408516128,0.979563608310905,978.928580812737,0.00310660582088406
AgeInteraction,yearf2024:young18-64,0.0520497586713114,0.216797268161472,1.05342815839477,0.688396033450961,1.6120239382205,0.810314663797101,979.139813644312,0.00291431062237973
AgeInteraction,yearf2025:young18-64,1.77092995813206e-05,0.238362743319206,1.00001770945639,0.626414384604352,1.59644389369832,0.999940735840303,978.670900523299,0.0033321120757557
No2020,(Intercept),-2.36466179873568,0.266716799023619,0.0939810795142164,0.0556837261270125,0.158618036560826,3.55508313863932e-18,974.273675485152,0.00684385964805988
No2020,yearf2021,-0.0363518951743356,0.107791281282967,0.964300900937678,0.780452931984079,1.19145715191981,0.736005844649043,977.475056361256,0.00496717461209062
No2020,yearf2022,-0.178309505901516,0.11089660127277,0.836683424952324,0.673052721475548,1.04009556941578,0.108181420671041,980.028934791264,0.00301306274562182
No2020,yearf2023,-0.152341570149615,0.106676876215766,0.858694926089002,0.696502712481836,1.05865628787515,0.153592380881531,977.579647650955,0.00489765768930515
No2020,yearf2024,0.0605133697670621,0.100280984345364,1.06238180127259,0.872599813018497,1.29343952959484,0.54635772490039,974.230715740064,0.00686646040240487
No2020,yearf2025,-0.118830632499183,0.110922358894551,0.887958179284629,0.714263159328818,1.10389247696799,0.28430081174649,978.115167874401,0.004530610207022
No2020,"splines::ns(age, df = 3)1",-0.858165952303522,0.15504850018428,0.423938893897055,0.312724616367515,0.574704312843241,4.00199074127669e-08,977.175658030435,0.00516258840789144
No2020,"splines::ns(age, df = 3)2",-1.79226567907988,0.521039331971237,0.166582319708461,0.0599196951934602,0.463114325763135,0.000606765335064325,977.512302464078,0.00494249550200839
No2020,"splines::ns(age, df = 3)3",-2.04095464336104,0.173529198050075,0.12990463906443,0.0924130867578359,0.182606336856603,5.75732022470813e-30,978.867865372567,0.00397827115479813
No2020,sex2,0.192098385540226,0.0640504804033244,1.21178973368779,1.06865949235313,1.37409003445777,0.0027762000056558,970.854258816517,0.00849910330454243
No2020,race2,0.131074480641252,0.113421769619267,1.14005269000534,0.912558256746831,1.42425990492022,0.248111386464338,978.728100699573,0.0040844821225799
No2020,race3,0.0962838726115766,0.132153958243934,1.10107158369999,0.849545760492298,1.42706689717226,0.46643667933856,979.835121829957,0.00318623831517483
No2020,race4,-0.166591467427787,0.268861959520708,0.846545382065507,0.499472627850798,1.43479150595317,0.535653853273771,980.547655374795,0.00251821706007607
No2020,race5,-0.509839683102058,0.359849955727718,0.600591856117922,0.296412073212091,1.21692269051764,0.156855698323031,980.139756988974,0.00291139292973305
No2020,race6,0.0659800774134632,0.218268577307796,1.06820543553877,0.696032598545545,1.63938133774048,0.762497668335777,959.514407833772,0.0127821084696811
No2020,race7,0.240130136323704,0.303280444751072,1.2714145967774,0.701156169414983,2.3054708029559,0.428683234045991,978.690456473912,0.00411278489414133
No2020,region2,0.12759886906944,0.117200759398695,1.13609718756035,0.902672672664835,1.42988356540375,0.276545599730449,977.145353203743,0.00518208362459176
No2020,region3,0.318419991863379,0.108175381875772,1.37495360930676,1.11197458917576,1.70012646525224,0.00332139657192257,977.696171492074,0.00481940872930576
No2020,region4,0.135785838427585,0.126954700216894,1.14543655883062,0.892839227998393,1.46949738448106,0.285080390000454,979.180885371955,0.00373352987926294
No2020,educationSome college or associate,-0.0785037233385517,0.0941562453616177,0.924498617703801,0.76852976574058,1.11212048281907,0.404620412967243,974.829903751273,0.00654611624445083
No2020,educationHigh school or GED,-0.251772598247234,0.0985126573751218,0.777421504982502,0.640763651158884,0.943224846347277,0.0107474680585365,971.899631504928,0.00802046860372621
No2020,educationLess than high school,-0.251911629046121,0.109828182088075,0.777313426962853,0.626605041458066,0.964269553801812,0.0220206848248653,973.563934336658,0.00721050170505761
No2020,income_group200-399%,0.803850250473885,0.121729023170216,2.23412633588534,1.75926010098665,2.8371702864728,7.43890224846203e-11,776.576934182448,0.0474205768662702
No2020,income_group100-199%,0.952337274976576,0.132876641954963,2.59176024198253,1.99639157151756,3.36468118166581,2.42198392493613e-12,561.573717721634,0.0816413003119916
No2020,income_group<100%,0.741693583398756,0.143475471236262,2.09948816359119,1.58419196123296,2.78239674037289,2.94601817555223e-07,826.604473500636,0.039611639501457
No2020,insurancePublic without private,-0.321475889486249,0.0765682662740931,0.725078111822479,0.623918935482713,0.842638744145981,2.93380622633851e-05,967.896090739598,0.00975477504691137
No2020,insuranceMilitary only,-0.182052816263552,0.251858629838432,0.833557313870312,0.508496286658497,1.366416655808,0.469952387972353,979.527409326457,0.00345026260015825
No2020,insuranceUninsured,0.597813365650016,0.0999930238024972,1.81813884577037,1.49417901306347,2.21233790168273,3.19888299139639e-09,936.048356146278,0.0192660437054422
No2020,hypertensionYes,0.0100377790906195,0.0762906192846332,1.01008832658177,0.86964089416883,1.17321808845237,0.895349252430261,975.097097817223,0.00639952769888881
No2020,diabetesYes,0.110584836900707,0.0750091367970351,1.11693110200579,0.964049445254524,1.29405715937992,0.14072698802655,977.154348160278,0.00517630243315873
No2020,coronaryYes,0.340407771495334,0.0705702474932618,1.40552060496499,1.22375081702094,1.61428956247009,1.63479390507731e-06,974.256097808574,0.00685311372991469
No2020,smokingFormer,0.0617151110197998,0.0783248942447393,1.06365927675309,0.912114922452851,1.24038213735219,0.430924475192857,976.945203307252,0.00530958845479102
No2020,smokingCurrent,0.266902703928001,0.0821589342999773,1.30591337990699,1.11145925567708,1.53438801027501,0.00119934870667116,973.979107998113,0.00699774745868559
No2020,fairpoorFair or poor,0.421702153679256,0.0765579964010745,1.52455437414199,1.31188528105275,1.77169915181175,4.63312722845331e-08,977.676314640716,0.00483280398581443
No2020,disabilityWith disability,0.167309348006921,0.0647483951338428,1.18211989518553,1.04106862396205,1.34228178088324,0.00991030544118221,978.810683964958,0.00402194307818931
WorkingAge,(Intercept),-2.48208217961542,0.354751344271268,0.0835690385622115,0.0416430006018799,0.167706075577492,6.29038808708606e-12,679.905038763488,0.010057114212422
WorkingAge,yearf2020,-0.0247717189816137,0.147115554171722,0.975532582183011,0.730794971208516,1.30223093534276,0.866331804070791,686.266119080579,0.00398785741426551
WorkingAge,yearf2021,0.0760939995274615,0.133890249442418,1.07906400089636,0.829617180406891,1.40351374770154,0.569996527583185,684.478284057812,0.00609754097903493
WorkingAge,yearf2022,-0.135584330843371,0.134517203812473,0.87320552166533,0.670521838247808,1.1371559277761,0.313841864665776,686.269913603457,0.00398271688887788
WorkingAge,yearf2023,-0.163401280528437,0.140245216679623,0.849250332407561,0.644832905497001,1.11846979418408,0.244380080492672,684.066554219082,0.0065188541802243
WorkingAge,yearf2024,0.0832440753078236,0.127305913187702,1.0868070389414,0.846440892962191,1.39543061980269,0.513403219452155,681.416372559068,0.00888910639427323
WorkingAge,yearf2025,-0.128322748641914,0.142344440778793,0.879569453482218,0.665107445563068,1.16318412710604,0.367642325613478,684.816135547027,0.00573711863984795
WorkingAge,"splines::ns(age, df = 3)1",-0.253131285111761,0.220788602495253,0.776365949842316,0.503265942052589,1.19766516608743,0.251994807946523,683.58851249523,0.0069864189564804
WorkingAge,"splines::ns(age, df = 3)2",-0.353333228274748,0.67214172016927,0.702343113794349,0.187674738441758,2.62840834941366,0.599279322361427,683.143575358894,0.00740336383441521
WorkingAge,"splines::ns(age, df = 3)3",-0.44974562113988,0.138211354427456,0.637790371375927,0.486210222548436,0.836626913534957,0.0011936407151788,685.268213049627,0.00523086400473722
WorkingAge,sex2,0.162422313701164,0.0771996037449616,1.17635692808299,1.01090380650891,1.36888951583611,0.03575047208061,681.793449067016,0.00858032035445083
WorkingAge,race2,0.400376947975025,0.139240591080729,1.49238714393998,1.13540359798593,1.96161029553556,0.00415978509035531,686.175354401813,0.00410972876336836
WorkingAge,race3,0.265667724661879,0.156455040999595,1.30430159942204,0.959329689056619,1.77332431348791,0.0899527172695886,686.027866067401,0.00430350038596224
WorkingAge,race4,-0.0552895491780119,0.335916278192631,0.946211133629119,0.489272228172504,1.82989235409462,0.869312604525989,686.454807210859,0.00372755746620263
WorkingAge,race5,-0.334806080031605,0.448360922998066,0.715476818142655,0.296671898991786,1.72549904132886,0.45548000341148,686.906082685081,0.00306052667947867
WorkingAge,race6,-0.0998255997956824,0.268363047319939,0.904995235627849,0.534325403775133,1.53280448715814,0.710024470862017,676.481081253603,0.012396117072395
WorkingAge,race7,0.257982622231518,0.366752062943095,1.29431632609935,0.629952435697293,2.65933530386778,0.482029935468774,684.776869053291,0.00577974739461696
WorkingAge,region2,0.0923219573409088,0.143631992082024,1.09671786161238,0.82721424390234,1.45402485129553,0.520590872938086,682.682195497861,0.00781937300944273
WorkingAge,region3,0.30500860899378,0.129720680897011,1.35663668223271,1.05159676406548,1.75016047069613,0.0189923690235385,683.508673867458,0.00706246077708213
WorkingAge,region4,0.0983117186366829,0.165957221887699,1.10330665275639,0.79649485829639,1.52830311123431,0.553783796824758,684.515547792578,0.00605847201428169
WorkingAge,educationSome college or associate,-0.157999294566814,0.106475970815115,0.853850384302666,0.692767942615454,1.05238772455512,0.138299454808452,680.500354991598,0.0096092651613912
WorkingAge,educationHigh school or GED,-0.349229491249124,0.116504536060708,0.705231267293144,0.561029792449712,0.886496843948752,0.00282067051841454,680.118164953758,0.00989846817794651
WorkingAge,educationLess than high school,-0.384761907742443,0.138683652322545,0.680612665520915,0.518372800513342,0.893630221355649,0.00568211495672557,681.308216281972,0.00897627566403105
WorkingAge,income_group200-399%,0.845977608880376,0.152738841291212,2.33025477916414,1.72585276367908,3.14632131436388,5.4797785243201e-08,406.626178185699,0.0931816598343987
WorkingAge,income_group100-199%,0.846149389101682,0.168643512221207,2.33065510522887,1.67293850359311,3.24695331469909,7.9859266282228e-07,388.658211136097,0.0985512632384836
WorkingAge,income_group<100%,0.721024945802529,0.179236054372203,2.0565399728138,1.44595110241514,2.92496520298425,6.7612559133431e-05,443.444643256798,0.0827364387780055
WorkingAge,insurancePublic without private,-0.339680100713989,0.102180280894239,0.711998054004254,0.582566251777453,0.870186399159116,0.000934645221952321,669.707718614428,0.0162593744054514
WorkingAge,insuranceMilitary only,-0.254795633053595,0.255296657739021,0.775074881463113,0.469516103271818,1.27948981448943,0.318613254904971,685.679168746871,0.00474269897472096
WorkingAge,insuranceUninsured,0.617414117394507,0.10353164009843,1.85412728193398,1.51304041395125,2.27210585118096,4.03272916292743e-09,656.685237448636,0.0222352941238872
WorkingAge,hypertensionYes,0.036809709319555,0.0886383475136531,1.03749557631365,0.871772902829772,1.23472187237802,0.678067414478368,683.760183932969,0.00682098719390494
WorkingAge,diabetesYes,0.126154314108942,0.0943083149628365,1.13445721753105,0.942692637035077,1.36523096484141,0.181446495707998,682.437361765539,0.00803401128767367
WorkingAge,coronaryYes,0.204638082549529,0.096537783373539,1.2270808826048,1.01520663140769,1.48317342092843,0.0343847373798297,684.13072569278,0.00645438703640418
WorkingAge,smokingFormer,0.0077115846239379,0.101761753158691,1.007741395473,0.825231736111391,1.23061520262812,0.939615650840215,684.570041114803,0.00600104219517753
WorkingAge,smokingCurrent,0.236698105871942,0.0936334077052209,1.26705854249569,1.05427649780222,1.52278586638139,0.0116978891243217,684.11893881959,0.00646626010328812
WorkingAge,fairpoorFair or poor,0.464421742484117,0.0945551963144347,1.59109386083594,1.32150102248621,1.91568499071382,1.13108209949716e-06,683.535274132842,0.00703718727592883
WorkingAge,disabilityWith disability,0.0777540291932971,0.0815343815415433,1.08085676675975,0.920965142668081,1.26850767322839,0.340604663034299,685.459431550129,0.00500734179715529
NoDisability,(Intercept),-2.43206752341105,0.33068278188096,0.0878550024038211,0.0459084038134875,0.16812829038303,4.46211375451863e-13,860.201243252641,0.00990342624836246
NoDisability,yearf2020,-0.164554555734676,0.145512120509439,0.848271477608284,0.63753211514431,1.128671768262,0.258423768236971,869.481783003726,0.00392882861944166
NoDisability,yearf2021,-0.0643223142648738,0.153999664010876,0.937702715856645,0.693102957922426,1.26862304261489,0.676285445143884,869.752515129616,0.00366978324912888
NoDisability,yearf2022,-0.32364237302189,0.154672782458393,0.723508942434744,0.534075832633119,0.980132703631685,0.036688853901909,870.711881739898,0.00264707103366927
NoDisability,yearf2023,-0.109534743460568,0.133047698804047,0.896251024959022,0.690273024184039,1.16369301942463,0.410578500826527,866.790926655188,0.00608983407294622
NoDisability,yearf2024,-0.027097344626722,0.137580434791096,0.973266494649239,0.742950036180572,1.27498165889663,0.843907768322615,868.199878204625,0.00503544642241538
NoDisability,yearf2025,-0.161578001979352,0.144924137826999,0.850800164780155,0.640170301640095,1.13073180454549,0.265195966088805,867.293793821847,0.00572883812913667
NoDisability,"splines::ns(age, df = 3)1",-1.16273364233035,0.182148129148326,0.312630392031807,0.218660174784608,0.446984742961258,2.81773624920093e-10,867.040029553093,0.0059129157671628
NoDisability,"splines::ns(age, df = 3)2",-1.94824698805801,0.662090536892946,0.142523698468567,0.0388621851584085,0.522693321087323,0.00334170886099269,867.515658972913,0.00556450633148392
NoDisability,"splines::ns(age, df = 3)3",-2.24889362262285,0.226918513621487,0.105515900411348,0.0675919302001008,0.164717965689946,5.23838964903903e-22,868.117737718667,0.00510088699975817
NoDisability,sex2,0.314873188059297,0.0856800008624997,1.3700855567318,1.15801555270371,1.62099241964617,0.000252524390338078,863.678087366431,0.00805826530232526
NoDisability,race2,0.281453662191963,0.155575130540022,1.32505459477348,0.976390414835393,1.79822502602742,0.070777821783974,870.057702072595,0.00336399405151137
NoDisability,race3,0.366244651411374,0.167493291881243,1.44230806219691,1.03821836416093,2.00367535201463,0.0290359966706956,869.313549473429,0.00408465417605666
NoDisability,race4,-0.232243741034679,0.457906468181169,0.792752873350574,0.322718777153397,1.94738317909177,0.612152837843237,870.165484712946,0.00325208726570209
NoDisability,race5,-0.357969935671489,0.518408416370276,0.699094092485042,0.252726786519844,1.93383755191739,0.490053032765153,870.612165054216,0.00276274213904304
NoDisability,race6,0.2434841696368,0.290334921384381,1.27568612310616,0.721549538956281,2.25538926549607,0.401906078252366,870.363768184965,0.00304026054649618
NoDisability,race7,0.165951975421081,0.394802286086073,1.18051640655857,0.543932870983811,2.56211576923699,0.674339937546907,865.867489906528,0.00671661187669746
NoDisability,region2,0.20216533937971,0.139900704848852,1.22405037511104,0.930141259209235,1.6108298669422,0.148801957732039,865.896152161816,0.00669778673581744
NoDisability,region3,0.250629032508502,0.129878314246554,1.28483336450266,0.995725750423075,1.65788298016579,0.0539670647561848,867.571163364882,0.00552287552259691
NoDisability,region4,0.280294155313605,0.155091926295675,1.3235190752514,0.976183698510701,1.79443965846466,0.0710648147728874,868.802592213111,0.00453679903370856
NoDisability,educationSome college or associate,-0.140301617505869,0.110949841443483,0.869096061276278,0.699027792667303,1.08054067613508,0.206374159617564,862.833666724005,0.00853353799514758
NoDisability,educationHigh school or GED,-0.245862551093639,0.114744827656729,0.782029706666607,0.624329802228676,0.979563141028877,0.0324192734044747,856.536265309354,0.0116015429477325
NoDisability,educationLess than high school,-0.141000769932796,0.136721909608324,0.868488643019521,0.664083491353143,1.13580977825089,0.302691123207652,862.405301023087,0.00876727234548
NoDisability,income_group200-399%,0.845853240938034,0.147495146887225,2.32996498819285,1.74380480630602,3.11315625841429,1.68812623031974e-08,501.99641647451,0.0858201427610545
NoDisability,income_group100-199%,0.915270645874483,0.168178410959946,2.49745108527796,1.79494518680589,3.4749038406322,7.70149290370837e-08,594.416730370739,0.0676326571189855
NoDisability,income_group<100%,0.656260040138296,0.189410674931629,1.92756980313779,1.32902412576023,2.7956793815487,0.000559715358659158,779.922012968603,0.0327083727291233
NoDisability,insurancePublic without private,-0.281191165770016,0.105411755804722,0.754884013702204,0.613801738916063,0.928394036728325,0.00778320266420551,866.787431303843,0.00609229105628837
NoDisability,insuranceMilitary only,-0.455627539030473,0.338227695799302,0.634049951983874,0.326454350128054,1.23147184729828,0.178297822990175,870.00934995631,0.00341350286285391
NoDisability,insuranceUninsured,0.586983728564701,0.120543879069428,1.79855529467347,1.41961437065425,2.27864778975656,1.33416315764764e-06,850.241810720686,0.0141447739636408
NoDisability,hypertensionYes,-0.0453411835369013,0.0951150562010512,0.955671366866672,0.792927760692861,1.15181710960752,0.633696777156115,869.399103336923,0.00400587752237491
NoDisability,diabetesYes,0.12168738464646,0.101316663993574,1.12940097850113,0.925735567122491,1.37787356945154,0.230055284931693,868.812320920789,0.00452846132634398
NoDisability,coronaryYes,0.292329653274268,0.10292316616184,1.33954453010266,1.09452748272065,1.63941022629024,0.00461276327195852,869.452773441486,0.00395596747545157
NoDisability,smokingFormer,0.115771649394339,0.0986716024268029,1.12273946462222,0.925065666389191,1.36265343231304,0.240995586101302,870.017222407519,0.00340547058107201
NoDisability,smokingCurrent,0.28659696558558,0.102962859087692,1.33188730886582,1.0881853719879,1.6301669266857,0.00549453524061738,867.47555227508,0.00559445654137548
NoDisability,fairpoorFair or poor,0.457901980525508,0.0894193695406391,1.58075405078601,1.3263068813774,1.8840159876735,3.74887532515639e-07,867.233750763795,0.0057727572228176
Universal,(Intercept),-2.83106256628012,0.305675428621807,0.0589501819033941,0.0323572416691249,0.107398646089144,1.24060716228368e-19,978.431710815995,0.0061934745813985
Universal,yearf2020,-0.137523937994294,0.145895557739224,0.871513487462566,0.654537262237807,1.16041637756783,0.346107548877641,982.247720709073,0.00366873881254528
Universal,yearf2021,-0.0158549824820904,0.119674744950478,0.984270046105185,0.7782536858825,1.24482227483619,0.894628670695149,981.642077271543,0.00413632476733802
Universal,yearf2022,-0.159980806264349,0.12134562362695,0.852160144945799,0.6715901788935,1.08127982727574,0.187680282198624,983.263809127854,0.00278659719430347
Universal,yearf2023,-0.115407012534058,0.117155965585013,0.891003420535313,0.707999508630598,1.12131023500448,0.324831575841871,981.894967588465,0.00394539941335683
Universal,yearf2024,0.123162034762017,0.113099918836262,1.13106767838214,0.905938496297578,1.412142323468,0.276436339464561,979.945190448806,0.00529339708925896
Universal,yearf2025,-0.122204892360022,0.124815396090075,0.884967026942819,0.692712196784929,1.13058012030235,0.327779244126278,981.337542073872,0.00435889915231818
Universal,"splines::ns(age, df = 3)1",-0.779257216423533,0.164896772870443,0.458746634250679,0.331924402762684,0.634025316260915,2.62754528769359e-06,981.37860703167,0.00432932637947286
Universal,"splines::ns(age, df = 3)2",-1.55499512036185,0.572119598355451,0.211190413171255,0.0687201039827237,0.649029731192755,0.00668442198003856,981.445035853559,0.00428120391505076
Universal,"splines::ns(age, df = 3)3",-2.10254913780572,0.171449239500022,0.122144667471587,0.087248194143531,0.170998608489259,2.86544562193606e-32,981.3816517378,0.00432712844254843
Universal,sex2,0.232547789634246,0.0693449430805354,1.26181074639217,1.10127130103432,1.44575306576627,0.000828704945366106,974.833806769811,0.00802660519983018
Universal,race2,0.169535833676357,0.131822021994433,1.18475480039257,0.91470908462933,1.53452497700078,0.198712356007368,982.656040156753,0.00333124249222914
Universal,race3,0.0743818891385122,0.146561265554152,1.07721810484989,0.807972845667865,1.43618545058556,0.61190801566739,983.580914397141,0.00247711660303181
Universal,race4,-0.242062101016785,0.31324363560819,0.785007426278738,0.424533422106614,1.45156217914455,0.439850124803751,983.866747962251,0.00217923369203371
Universal,race5,-0.213532487994714,0.383852216137303,0.807725918328928,0.380299437541301,1.71554594810427,0.578140385377171,983.143711555542,0.00289886401484803
Universal,race6,0.104479605771014,0.235545744100492,1.11013275333377,0.699242404814824,1.76247138551443,0.65745668690227,970.887642429184,0.00972825848209833
Universal,race7,0.192141366609255,0.338507126393458,1.21184181882531,0.623666534196566,2.35472085374231,0.5704269231539,981.638076397681,0.00413929927948174
Universal,region2,0.225829338004437,0.128430021775075,1.25336174580804,0.974140610043195,1.61261695658631,0.0789937234237941,981.648504738737,0.00413154325299468
Universal,region3,0.401486364157931,0.119216130624306,1.49404374114659,1.18239123125932,1.88784104740179,0.000787341904615535,982.543090019856,0.00342663068773369
Universal,region4,0.253238948079692,0.148564334423622,1.28819105084004,0.962423430706699,1.72422670782843,0.0885898438434569,982.979588046107,0.00304837815738945
Universal,educationSome college or associate,-0.0478249559594571,0.104660269163276,0.953300642069833,0.776305317079672,1.17065037965918,0.647805355749084,978.40199077838,0.00621020364319228
Universal,educationHigh school or GED,-0.226757905874033,0.106844380215821,0.797113735485869,0.64634071576531,0.983057839003522,0.0340616865035526,978.126746387835,0.00636361874914156
Universal,educationLess than high school,-0.17049142594218,0.128863319234041,0.843250319674616,0.654835371325632,1.08587766142178,0.186130635396611,979.344491055175,0.00566275010661738
Universal,income_group200-399%,0.71410461281576,0.128474706093133,2.0423571628874,1.58703006764612,2.62831994543381,3.8695906028861e-08,702.747657137777,0.0589321702439896
Universal,income_group100-199%,0.897612434592187,0.138410820427409,2.45373765272095,1.86918814346531,3.22109279872621,2.63386110794466e-10,397.733596932222,0.115960915806717
Universal,income_group<100%,0.666751206262962,0.15016828847267,1.94789870866457,1.45058702076331,2.615706141656,1.02954309864574e-05,778.23748331281,0.0474600441221602
Universal,insurancePublic without private,-0.276243168942052,0.082224065537905,0.758628433456569,0.645582939582095,0.891468879926284,0.000810983593160525,965.809686572155,0.0116288823253632
Universal,insuranceMilitary only,-0.259344903441771,0.269993034416667,0.77155686452875,0.454219627086841,1.31059945387966,0.33700912014944,982.175929796248,0.0037260895213135
Universal,insuranceUninsured,0.737197177823684,0.106139022864676,2.0900692049059,1.6970693992749,2.57407816272125,6.98942889248464e-12,949.071227090207,0.016678346175411
Universal,hypertensionYes,0.0383381760407993,0.0832406777226377,1.03908256629721,0.882486198550089,1.22346681608927,0.645209086781417,980.822210938974,0.00471934983419984
Universal,diabetesYes,0.148574088544279,0.0826968174953953,1.16017875054506,0.986384889823567,1.36459382853792,0.072704378362998,982.32929469063,0.00360288493480783
Universal,coronaryYes,0.235867696256332,0.0837966668637569,1.26600680164676,1.07403906368591,1.49228577991886,0.00497901047146967,981.023864072986,0.00458056705848246
Universal,smokingFormer,0.00502326741172548,0.0821387282052525,1.00503590517156,0.855418415083971,1.18082233544722,0.951247511798136,980.983488198724,0.00460857929387756
Universal,smokingCurrent,0.225074802999576,0.0897297837848943,1.25241639719124,1.05021001830839,1.4935553885498,0.012289833525337,979.885909784715,0.00533063992022665
Universal,fairpoorFair or poor,0.473144244432734,0.0823068584141972,1.60503288333731,1.36564421582154,1.88638484808019,1.20165533040089e-08,979.926942783681,0.00530488050869882
Universal,disabilityWith disability,0.234705943603194,0.0691623490873718,1.26453686890051,1.10404740090197,1.44835583282234,0.000717509866527045,981.61390887554,0.00415723753215812
Delayed,(Intercept),-3.18368446060165,0.425903180935972,0.0414327163347671,0.0179624734608416,0.0955697992606436,1.70644339272746e-13,981.026444441295,0.00457877293095629
Delayed,yearf2020,-0.369089309151525,0.20898837758318,0.691363662590924,0.458771055713372,1.04187853178289,0.0776935068158413,982.964698403078,0.00306173095439604
Delayed,yearf2021,-0.285009428605641,0.172866341095906,0.752007163906968,0.535668824425599,1.05571716848336,0.0995232724015887,982.391147798351,0.00355244874193044
Delayed,yearf2022,-0.309625500187657,0.16374106373376,0.733721683411188,0.532087343377339,1.01176529644677,0.0589253334774796,983.244866845971,0.00280447295837755
Delayed,yearf2023,-0.32150854933776,0.167677305859054,0.725054431265716,0.521755897261034,1.00756681631725,0.0554737938074785,982.382491243335,0.00355953406436081
Delayed,yearf2024,0.000766999127568074,0.154604736127457,1.00076729334662,0.73887474897647,1.35548707926437,0.996042693118152,981.465259109847,0.0042664830453632
Delayed,yearf2025,-0.506947052860458,0.178925864151189,0.602331661377318,0.423980344057892,0.855708136903679,0.0047016538143195,981.73835655259,0.00406432020082603
Delayed,"splines::ns(age, df = 3)1",-0.910663798745709,0.231472014853242,0.402257117620864,0.255406050195373,0.633543287454892,8.93402726411484e-05,981.689101912805,0.00410125875789542
Delayed,"splines::ns(age, df = 3)2",-1.79257879665613,0.841304886429777,0.166530168021498,0.0319513518572903,0.867953787530928,0.033360752856216,982.066381710638,0.00381254931081737
Delayed,"splines::ns(age, df = 3)3",-2.75060733426272,0.315620884019687,0.0638890474139206,0.0343904715132341,0.118690154564686,1.21960456157804e-17,982.698361731265,0.00329507358770549
Delayed,sex2,0.156551836924897,0.0926059515391929,1.16947138254807,0.97513755937482,1.40253372608859,0.0912470010532415,980.889109752654,0.00467361625591256
Delayed,race2,0.414089120768074,0.176987592870842,1.51299195988165,1.06905172308514,2.14128523553599,0.0195012539484321,982.640876101152,0.00334414441584641
Delayed,race3,0.120549724059484,0.220026004107527,1.12811683411973,0.73254937141806,1.73728575994918,0.583892733367985,983.761437278578,0.00229131228497542
Delayed,race4,-0.00822293256654259,0.466659165274434,0.991810783265824,0.396934235455911,2.47821563859948,0.985944893594226,983.850085506175,0.00219715983311448
Delayed,race5,0.26690504203689,0.454202143757976,1.30591643327824,0.535576192593788,3.18426725140048,0.556912305788044,983.123505244873,0.00291750901380687
Delayed,race6,0.110655674927827,0.397715963517599,1.11701022600394,0.511801890423885,2.43788049310251,0.780896141846678,979.536173214898,0.00554677227111429
Delayed,race7,0.192500025347147,0.557728145834911,1.2122765344352,0.405767616446319,3.62181292044194,0.730055235191578,982.993841558205,0.00303556374922709
Delayed,region2,0.128673175395791,0.180616650484187,1.13731835979537,0.797905068940517,1.62111146034599,0.476379859680155,982.358025413537,0.0035795121445879
Delayed,region3,0.353945804234494,0.167454488758642,1.42467797287424,1.0256601901927,1.97892766610326,0.0347936660926806,983.153074273146,0.00289020142459853
Delayed,region4,0.281972806703189,0.194213604485257,1.32574266818274,0.905608571546425,1.94078730862607,0.146856961917905,983.041518520655,0.00299246933420229
Delayed,educationSome college or associate,-0.295452432555715,0.147170115119087,0.744194813326519,0.557520387450031,0.993373395213696,0.0449637011128518,982.852044188151,0.00316167443737701
Delayed,educationHigh school or GED,-0.344964379287867,0.151295060785647,0.70824558123045,0.526311055026898,0.95307099963314,0.0228166122501334,982.812299897871,0.00319649062447754
Delayed,educationLess than high school,-0.229662074086236,0.171668569508558,0.794802141367541,0.56748443756607,1.11317668310311,0.181264370914745,980.930867345878,0.00464491631368372
Delayed,income_group200-399%,0.727249176074726,0.184031698598321,2.06938027019857,1.4420954640865,2.96952234393148,8.32780502654152e-05,957.672939955804,0.0142553191638014
Delayed,income_group100-199%,0.947132869840157,0.195611382555558,2.57830671084673,1.75629472364364,3.78505122500505,1.52213038722821e-06,868.096748392362,0.0331432689998467
Delayed,income_group<100%,0.611641424445487,0.215411070814936,1.84345480854036,1.20789757039111,2.81342202719243,0.00462029591352686,910.174005779208,0.025451528669529
Delayed,insurancePublic without private,-0.2852439716081,0.117464408716485,0.751830806571373,0.597049791587147,0.946737725520598,0.0153470903440021,979.676714691035,0.00546064082109741
Delayed,insuranceMilitary only,-0.566926317655823,0.462040851562609,0.567266358402112,0.229093368503467,1.40462870434385,0.220114461259176,983.442637765311,0.00261453866682262
Delayed,insuranceUninsured,0.990891312481624,0.156018677478878,2.69363427255251,1.98321994514703,3.6585279469502,3.26798980408645e-10,978.877957078613,0.00593824748477358
Delayed,hypertensionYes,-0.0500505707411879,0.114881061852263,0.951181321339994,0.759198998002547,1.19171114351637,0.663169844251367,981.379206426989,0.00432889374131332
Delayed,diabetesYes,0.143730809531776,0.115514920868,1.15457326657072,0.920394080164663,1.4483355082437,0.213699768710635,983.11246818464,0.00292766443130352
Delayed,coronaryYes,0.162050755012018,0.120505812163887,1.17591992363626,0.928274460078198,1.4896323515011,0.179015054246821,981.75360655312,0.00405283937120033
Delayed,smokingFormer,-0.0116862613276841,0.123413326994393,0.988381757803278,0.775792368750522,1.25922674482049,0.924578743131745,982.245505924485,0.0036705164839356
Delayed,smokingCurrent,0.238436269809018,0.130095890739136,1.26926281309729,0.983280200510706,1.63842217902373,0.0671384558268137,983.555770817994,0.00250240669946658
Delayed,fairpoorFair or poor,0.420218988830187,0.116680633895498,1.52229488469563,1.21075868171783,1.91399140965281,0.000332285133243527,982.826928925259,0.00318370182741935
Delayed,disabilityWith disability,0.297489870048284,0.103667403376198,1.34647473555963,1.09861989288692,1.65024702832956,0.00419731013299963,981.980152619645,0.00387974112382411
ForgoneCare,(Intercept),-3.70900798835712,0.441050541833437,0.024501817307718,0.0103112684283189,0.0582216490196315,1.43708432291344e-16,981.970770635063,0.00388700713253723
ForgoneCare,yearf2020,-0.236165272570764,0.204273885975607,0.789650155636327,0.528861620635902,1.17903690486506,0.247912777835685,982.67162014375,0.00331795517002429
ForgoneCare,yearf2021,-0.365945329995535,0.176292890445161,0.693540716047387,0.490711294878395,0.980207160168833,0.0381739584707866,982.286709369145,0.00363735635985631
ForgoneCare,yearf2022,-0.21709297830585,0.150358468452472,0.804855131759315,0.599203591324929,1.08108795157075,0.149104061174407,981.939771351165,0.00391095365194064
ForgoneCare,yearf2023,-0.233568352423348,0.15985822578013,0.791703479039399,0.57852645189107,1.08343256678107,0.144308452395161,982.90328377032,0.00311645030968469
ForgoneCare,yearf2024,-0.202455117648698,0.169369354517897,0.816723138230316,0.585773266652028,1.13872845091277,0.232240056505917,982.293043373468,0.00363224209380858
ForgoneCare,yearf2025,-0.365891078172904,0.179391198751727,0.693578342915955,0.487762912936639,0.986239226073614,0.0416550965427062,980.718253231016,0.00478982954113689
ForgoneCare,"splines::ns(age, df = 3)1",-0.688916638594008,0.241507445590378,0.502119751670651,0.312595099652935,0.806552135006984,0.00442772962428458,982.213354771508,0.00369626188277927
ForgoneCare,"splines::ns(age, df = 3)2",-0.886708969265269,0.803144354109769,0.412009459779944,0.0851971050309113,1.99245966029682,0.26984360311868,980.843218781908,0.00470502071106643
ForgoneCare,"splines::ns(age, df = 3)3",-2.7257891177719,0.309710407994568,0.0654944994472466,0.0356659502895469,0.120269596716804,6.0008900966896e-18,982.83356493318,0.00317789051289836
ForgoneCare,sex2,0.143541351050072,0.102994597513087,1.15435454359273,0.943108399471446,1.41291755333744,0.163730784891004,979.685936486289,0.00545495587769702
ForgoneCare,race2,0.236905673461521,0.183149061954632,1.26732157008027,0.884703582853944,1.8154147819879,0.196137733502074,982.546865017515,0.00342346884085017
ForgoneCare,race3,0.180622338134208,0.197707465070292,1.19796266903391,0.812731290646064,1.76579217868925,0.361159532757847,983.283542025105,0.00276790637074088
ForgoneCare,race4,-0.226513112670386,0.52731126804507,0.797308887395805,0.283286336255182,2.24402443945514,0.667608016179268,983.928087475592,0.00211259091784381
ForgoneCare,race5,0.200988810836013,0.468101349370158,1.2226110917508,0.487919669298412,3.06357373094108,0.667747904072645,982.577049995135,0.00339812225797079
ForgoneCare,race6,0.0463958589255957,0.307135073118258,1.04748898675963,0.573312824908846,1.91384725704884,0.879959449566336,977.945785299738,0.00646303775870676
ForgoneCare,race7,0.806528598412553,0.441793484513531,2.24011812401662,0.94135175135751,5.33076950492858,0.0682171533131792,982.804287479541,0.0032034822523478
ForgoneCare,region2,0.251262176766672,0.187673235594728,1.2856471069511,0.889563677676316,1.85808899923762,0.180936291635481,982.739371598391,0.00325979634925532
ForgoneCare,region3,0.508777627413341,0.168210240278709,1.66325683226828,1.19564438146308,2.3137509220776,0.00255385925419028,983.217144025182,0.00283051947692195
ForgoneCare,region4,0.372565581223633,0.211664533895723,1.45145366412929,0.958102386865606,2.19884405674677,0.0786898981888019,983.152099562393,0.00289110394043574
ForgoneCare,educationSome college or associate,-0.207813117540738,0.159574756292179,0.81235883814446,0.593950320744207,1.11108094206354,0.193121331138108,982.649627004472,0.00333670262782469
ForgoneCare,educationHigh school or GED,-0.221701543739837,0.155929091365035,0.801154438213779,0.589963690019436,1.08794565619537,0.155399090411148,981.490301384053,0.00424820800251039
ForgoneCare,educationLess than high school,-0.141213705157375,0.17752567848378,0.868303730883128,0.612879338095705,1.23017912695211,0.426541129609447,981.587061916721,0.0041771056850261
ForgoneCare,income_group200-399%,0.547588438124437,0.185323318082235,1.72907820689955,1.20190320033401,2.48748105899387,0.00320482694103577,967.194664002621,0.0111354807072167
ForgoneCare,income_group100-199%,0.900084653979308,0.200725067217894,2.4598113351612,1.6588727294671,3.6474599269175,8.27073635502833e-06,895.48334545502,0.0282696883916038
ForgoneCare,income_group<100%,0.630427461380064,0.219348221890594,1.87841335683976,1.22135981530726,2.88894123986416,0.00414216656878304,950.729773713704,0.0162325543758365
ForgoneCare,insurancePublic without private,-0.470536513106214,0.123776051162384,0.624667036310568,0.489959426352726,0.79641065211819,0.000152681968702871,981.332354113416,0.00436262581860715
ForgoneCare,insuranceMilitary only,-0.515063286868025,0.426100308858175,0.597462781873499,0.258920416048071,1.37865441888424,0.227036594190327,982.5806543611,0.00339508794895655
ForgoneCare,insuranceUninsured,1.09436303767676,0.149202849754626,2.98727929290512,2.22903254212777,4.00345773566018,4.66549811964329e-13,975.795380635372,0.00756933602945133
ForgoneCare,hypertensionYes,-0.0479128552565437,0.116518972619154,0.953216851296112,0.758381899221643,1.19810660898873,0.681014179764521,980.167065382641,0.00515235504266157
ForgoneCare,diabetesYes,0.0173123889647888,0.120807032718956,1.0174631169347,0.80271385262866,1.28966404520414,0.886077784270205,982.879849066489,0.00313718159236937
ForgoneCare,coronaryYes,0.116650409145769,0.123857727559729,1.12372651650228,0.881256937992196,1.43290932468272,0.346521861739894,981.335326590907,0.00436049085700081
ForgoneCare,smokingFormer,0.0210120468104361,0.124251124746062,1.0212343541801,0.800261897177952,1.30322286970729,0.865745334886461,981.913768582437,0.00393096845606965
ForgoneCare,smokingCurrent,0.261531959739204,0.126725520882539,1.29891845400359,1.01293132129678,1.66565009362242,0.0393017153833792,983.383645902854,0.00267197494063808
ForgoneCare,fairpoorFair or poor,0.604376407481708,0.12437845951375,1.83011060969256,1.43375732740555,2.33603328798326,1.37128638930207e-06,982.737283859796,0.00326159777441989
ForgoneCare,disabilityWith disability,0.336605630313969,0.102338639913104,1.40018676362613,1.14542693611224,1.71160893045534,0.00104075484798651,979.551346864068,0.00553751844216785
ForgoneRx,(Intercept),-3.75565186008388,0.389509588597929,0.0233852017601121,0.0108888052130167,0.0502229262681099,4.42061208924991e-21,980.611025425097,0.00486179665061747
ForgoneRx,yearf2020,0.0958799582623749,0.192334969331446,1.10062693489389,0.754609834067844,1.60530594106333,0.618239628764887,982.871141674849,0.00314486391331545
ForgoneRx,yearf2021,0.182806725389783,0.157977184412437,1.20058234357098,0.880553406760102,1.63692281766059,0.247483421580155,982.682110191402,0.00330899066980121
ForgoneRx,yearf2022,-0.0895768995323453,0.16560896761224,0.9143179517979,0.660627905954476,1.26542840446936,0.588703137899329,983.333446687377,0.00272031763012534
ForgoneRx,yearf2023,0.0795504476668675,0.157575619087518,1.08280018289453,0.794793544054397,1.47517080988793,0.613784514375857,982.837645994818,0.00317431349300247
ForgoneRx,yearf2024,0.290327359058186,0.144767760129388,1.33686505128553,1.00625678368698,1.7760955198734,0.0451870905773724,981.092506360537,0.00453267864860608
ForgoneRx,yearf2025,0.0910215553141574,0.165768083193328,1.09529261438041,0.791141378500124,1.51637361376629,0.583068605598836,982.648470578429,0.00333768663031095
ForgoneRx,"splines::ns(age, df = 3)1",-0.902569873963526,0.222033254805604,0.405526168352636,0.262295422123759,0.626970428561951,5.18664135002506e-05,982.438602822302,0.00351345089129212
ForgoneRx,"splines::ns(age, df = 3)2",-1.29184202797967,0.711557513184571,0.274764193324818,0.0680039865691798,1.11016082647798,0.0697497700866102,982.69024633629,0.00330202765890762
ForgoneRx,"splines::ns(age, df = 3)3",-1.82769211856847,0.201313667083603,0.160784210805177,0.108311224951647,0.238678516061326,5.87883134926701e-19,982.173999393934,0.00372762397975912
ForgoneRx,sex2,0.300310985705927,0.0911348051289096,1.35027865965079,1.12915422337499,1.61470631820224,0.00101868403075851,978.691820611115,0.00604564644549235
ForgoneRx,race2,0.0535752854674072,0.173015767823094,1.05503641768758,0.751302286492037,1.48156323048651,0.756888531319802,983.555317509178,0.00250286138817864
ForgoneRx,race3,0.0207974115552621,0.182047838799749,1.02101518480548,0.71430210020588,1.45942733096108,0.909069693149205,983.8202083209,0.00222911873615393
ForgoneRx,race4,-0.246355834542506,0.381942269332458,0.781644039485226,0.369401575265717,1.65393827577292,0.519072342440597,983.89093892137,0.00215307483748424
ForgoneRx,race5,-0.259885421958268,0.425985994207769,0.771139936445768,0.334261581890003,1.77901629681531,0.541949927723086,983.469140502563,0.00258850834708929
ForgoneRx,race6,-0.332280045722565,0.338847947672208,0.717286421730746,0.36889802830494,1.39469384849626,0.327024847451067,975.304126004146,0.00780545893972767
ForgoneRx,race7,-0.817167251750916,0.645155779207515,0.4416810552876,0.124530139676742,1.56654569814477,0.205591083801037,983.425765718106,0.00263103619115183
ForgoneRx,region2,0.331660958625961,0.17413109676265,1.39328038872792,0.989999778212725,1.96083906717472,0.057115696238117,982.764227428676,0.00323830324462696
ForgoneRx,region3,0.535343524318083,0.162057611618407,1.70803489300592,1.2427477852335,2.34752636889844,0.000989607159665612,983.021843045502,0.00301029712254773
ForgoneRx,region4,0.347701751478079,0.205682724747449,1.41580992354705,0.945609301336123,2.11981601363478,0.0912538148668676,983.316660272847,0.00273637668011278
ForgoneRx,educationSome college or associate,0.0947577968404732,0.141014761592981,1.09939254652868,0.833627891655203,1.44988427506063,0.501760840620593,979.07016045851,0.00582587117185031
ForgoneRx,educationHigh school or GED,-0.114583830640363,0.142907891835387,0.891737180385795,0.67366318016208,1.18040472197262,0.422862175922028,978.536686000694,0.00613412264328128
ForgoneRx,educationLess than high school,-0.114573718911019,0.176558852544069,0.891746197436398,0.630620727565507,1.26099768986688,0.516537935225838,979.910682885742,0.00531509844056128
ForgoneRx,income_group200-399%,0.802138162278553,0.171666323982501,2.23030458707784,1.59228762178341,3.12396986768581,3.48416356875032e-06,805.037663501259,0.0433389527109397
ForgoneRx,income_group100-199%,0.926007354648057,0.187349121911976,2.52440995605156,1.74710424903028,3.64754743728048,1.03870222660231e-06,523.988988912366,0.0886508498337609
ForgoneRx,income_group<100%,0.73140277672684,0.196880452280856,2.07799352506558,1.41177633792233,3.05859857133549,0.000219610646414436,692.654417969787,0.0604792002701263
ForgoneRx,insurancePublic without private,-0.277385272226435,0.103504224317153,0.757762496020215,0.618471463814298,0.928424404310425,0.00748875339466712,966.355902900139,0.011436254095238
ForgoneRx,insuranceMilitary only,-0.220480678772535,0.321346939052297,0.802133136908704,0.426951183122834,1.50700500375915,0.492802936658985,982.941246524622,0.00308269341179969
ForgoneRx,insuranceUninsured,0.737467196313192,0.143800585657619,2.09063363843589,1.57659623121616,2.77226909694448,3.53288669947844e-07,962.161990281673,0.0128573978115923
ForgoneRx,hypertensionYes,0.0764939033726057,0.118743773433016,1.0794956090346,0.85510869828397,1.36276332150933,0.519600676196327,982.457934808187,0.0034974875260959
ForgoneRx,diabetesYes,0.214319895444469,0.113014105797127,1.23901894792094,0.992570972125753,1.54665811958947,0.0582002340297416,982.957481297352,0.00306819089598517
ForgoneRx,coronaryYes,0.36055785311728,0.111196415424732,1.43412922490995,1.15297780277434,1.78383888119253,0.00122462636683901,982.199714379124,0.00370715068777188
ForgoneRx,smokingFormer,-0.0873843114639426,0.110104529933753,0.916324873802346,0.738265682865193,1.13732941112774,0.427591716714013,982.064444370993,0.00381406716429834
ForgoneRx,smokingCurrent,0.144068703697335,0.119006238480261,1.15496345605887,0.914418194099408,1.45878613684542,0.226341028969725,981.342132505021,0.00435559995345885
ForgoneRx,fairpoorFair or poor,0.593789823542871,0.100169969703888,1.81083818467557,1.48767999236992,2.20419374320908,4.24705153434025e-09,981.366238483954,0.00433824753372524
ForgoneRx,disabilityWith disability,0.215695435734434,0.0921190193606081,1.24072444112223,1.03553973679478,1.48656500962756,0.0194061876337266,982.471068033062,0.00348661717978092
RxUnderuse,(Intercept),-2.73899291173998,0.367036962531817,0.0646354076869519,0.0314526378340361,0.132826249706077,1.88819479330485e-13,968.338846668995,0.00630986236858829
RxUnderuse,yearf2020,0.105508552659141,0.167058705268511,1.1112756088437,0.800652065029161,1.54240965926437,0.527819215613445,971.798724883571,0.00406000802996706
RxUnderuse,yearf2021,-0.135249660334478,0.149777801984179,0.873497806708497,0.651045718658158,1.17195827644353,0.366748936658257,970.262625196243,0.00514307731759373
RxUnderuse,yearf2022,-0.442808627328564,0.169857784864289,0.64223010061822,0.460179609741662,0.896301125492367,0.00927537040460998,972.989532516669,0.00307064037065989
RxUnderuse,yearf2023,-0.237286679592776,0.163510809028938,0.788765132735058,0.572260330189162,1.08718078433447,0.147046967180438,972.63873311614,0.0033803112978557
RxUnderuse,yearf2024,-0.0918649078560107,0.149656844866358,0.912228376108569,0.680074692430074,1.22363119733829,0.539466680051749,971.973561520171,0.00392472917944083
RxUnderuse,yearf2025,-0.12945703511719,0.158123525497976,0.878572335362773,0.644190559703671,1.19823138796053,0.413154003569487,969.854355411477,0.00540536463913922
RxUnderuse,"splines::ns(age, df = 3)1",-1.22350595682874,0.213241276078142,0.294196915030874,0.193597873379043,0.447070121706474,1.2815612849299e-08,972.307897266713,0.00365739408571208
RxUnderuse,"splines::ns(age, df = 3)2",-2.09864066849911,0.664862913947354,0.122623000321074,0.0332609453091727,0.452073747994027,0.00164585776823332,972.782637527541,0.00325540527860037
RxUnderuse,"splines::ns(age, df = 3)3",-2.20496854633133,0.226077585827129,0.110253993142517,0.0707484278368991,0.171819266880304,1.66716694656554e-21,971.913937788637,0.00397119382641882
RxUnderuse,sex2,0.281806602842547,0.0949906289537117,1.32552234294303,1.100092754562,1.59714667181926,0.00308460989238514,964.638010568448,0.00820097254929757
RxUnderuse,race2,0.229131199987786,0.174327488727614,1.25750701309206,0.893177666181722,1.77044718855967,0.189030604369466,973.420096272029,0.00266363310496728
RxUnderuse,race3,0.0354473228822436,0.192834257115023,1.03608306882072,0.709658493068609,1.51265451760495,0.854190796429088,973.372438412789,0.00271035017306409
RxUnderuse,race4,-0.150978712761178,0.392308263679703,0.859866002637338,0.398182241305298,1.8568621746358,0.700434692162626,973.967105326507,0.0020909043991282
RxUnderuse,race5,-0.0260068936797862,0.395624323387754,0.974328372877789,0.448258558741911,2.11778617425408,0.947601288123271,969.988670301499,0.00532006835785834
RxUnderuse,race6,-0.0709986332024016,0.325192587618912,0.931463165248339,0.492054506154492,1.76326731563768,0.827219811012204,963.822193078827,0.00857489977939283
RxUnderuse,race7,-0.177756722491717,0.513876466020535,0.837146057524917,0.305382021930823,2.29487484953604,0.729482698849612,972.031652502776,0.00387911942771971
RxUnderuse,region2,0.290184397640202,0.164638261983527,1.33667394482289,0.967632638898892,1.84646234835727,0.0782892380929604,972.500079511329,0.00349807345621568
RxUnderuse,region3,0.498243984086866,0.154222887155355,1.64582863041695,1.21603589411258,2.22752625462334,0.00127638897156625,973.239217446676,0.00283863475027022
RxUnderuse,region4,0.208425070234957,0.187698887105507,1.23173663286659,0.852215424485767,1.7802718528135,0.267091193862518,973.506567860899,0.00257769650464956
RxUnderuse,educationSome college or associate,-0.213223109487442,0.118438039585011,0.80797585002758,0.64040906371904,1.01938746843564,0.0721258377083472,967.564869240977,0.0067373645321777
RxUnderuse,educationHigh school or GED,-0.585901466333887,0.13014136527623,0.556603875929021,0.431152545158017,0.718557452990714,7.54970386261634e-06,967.593629609924,0.00672183494576342
RxUnderuse,educationLess than high school,-0.480599889009193,0.157111100130098,0.618412301767872,0.454335384479124,0.84174332011644,0.00228236402928367,962.688327644358,0.0090749901553956
RxUnderuse,income_group200-399%,0.70979793817706,0.169080553444635,2.03358030818528,1.45919269237884,2.83406632409676,3.00805094085819e-05,768.398254569982,0.0479927447566937
RxUnderuse,income_group100-199%,1.04635176287064,0.17757418536806,2.84724472319167,2.00914074243116,4.03495999186855,5.9233955603135e-09,696.769328930808,0.059044013933113
RxUnderuse,income_group<100%,0.832721256371949,0.200881460205953,2.29956794749012,1.54989590021785,3.41185026967338,3.8930239132602e-05,587.301335314081,0.0767375393974324
RxUnderuse,insurancePublic without private,-0.37144808356711,0.104065818724172,0.689734813470773,0.562326114578561,0.846011061161733,0.000375754739556749,950.764040929269,0.0134430340220552
RxUnderuse,insuranceMilitary only,-0.291105944164282,0.340820296221597,0.747436487289268,0.382918259299182,1.45895707233649,0.393241482833355,972.633551174166,0.00338475705399409
RxUnderuse,insuranceUninsured,0.555949052612725,0.143064250327798,1.74359496314899,1.31676866437226,2.30877562458387,0.000109176405759122,924.640159893104,0.020457236349942
RxUnderuse,hypertensionYes,-0.0324389421637692,0.107056151357093,0.968081556991975,0.784642613941801,1.19440607014688,0.761948136662678,971.301599343723,0.00442969853302846
RxUnderuse,diabetesYes,0.132496392262523,0.104293875736921,1.14167489721844,0.930371834838831,1.40096843233064,0.204241521862991,971.048656381199,0.0046101720097081
RxUnderuse,coronaryYes,0.501216751066447,0.101853249253653,1.65072857501171,1.35166709555257,2.01595854284389,1.01135573193736e-06,970.262777810462,0.00514297755061247
RxUnderuse,smokingFormer,-0.17641349376056,0.109489402752977,0.838271291715821,0.676192832997336,1.03919876731033,0.107453292704444,969.612070190908,0.00555689857364911
RxUnderuse,smokingCurrent,0.126502418604979,0.119825432540058,1.13485219593192,0.897049183774062,1.43569553365302,0.291357889095522,969.789709602339,0.00544608468238155
RxUnderuse,fairpoorFair or poor,0.498718336904434,0.108148206091515,1.64660951905874,1.33174157153737,2.03592270918216,4.53258696373456e-06,972.223234770178,0.00372622549349051
RxUnderuse,disabilityWith disability,0.208213441779929,0.0921398338935216,1.23147598992667,1.02777638003788,1.4755477390033,0.0240570748780208,972.350143599593,0.00362274423728576
MissingCategory,(Intercept),-2.38557771247426,0.254807500997502,0.092035793991504,0.0558207142435969,0.151746309419862,5.20297028903902e-20,977.691655649919,0.00806786235767324
MissingCategory,yearf2020,-0.160828927214131,0.122000300724547,0.851437716470967,0.670159351740714,1.08175194921368,0.187721334070623,983.486390152236,0.00492950952807949
MissingCategory,yearf2021,-0.000581136015293374,0.10065368532233,0.999419032811536,0.820286017293635,1.21767088806586,0.995394516969325,981.942379970795,0.00588279409348766
MissingCategory,yearf2022,-0.188639904998975,0.107609618744564,0.828084642153033,0.670447399983103,1.02278594053314,0.0799122881484711,986.267553761862,0.00277459801609845
MissingCategory,yearf2023,-0.197650297737233,0.10221600027333,0.820656788499828,0.671503077017873,1.00294039976964,0.0534422904917591,984.085002163266,0.00452413421035584
MissingCategory,yearf2024,0.0219536663996558,0.0962098663052386,1.02219642133274,0.846328995189845,1.23460915285204,0.819549822440755,981.141142721486,0.00633631137227294
MissingCategory,yearf2025,-0.13928114795946,0.106678324057143,0.869983400013791,0.705657641700481,1.07257552610875,0.191988547292239,981.07477137043,0.00637282641423699
MissingCategory,"splines::ns(age, df = 3)1",-0.823465472447671,0.143697002602255,0.438907992371668,0.331060730202284,0.581887877943183,1.33021332556943e-08,983.510503330324,0.00491362281325902
MissingCategory,"splines::ns(age, df = 3)2",-1.50347329279742,0.489733939983707,0.222356508108092,0.0850499254747707,0.581334039060278,0.00219947647186316,983.53644281337,0.00489649355722006
MissingCategory,"splines::ns(age, df = 3)3",-1.98922223352689,0.149475075507395,0.13680178392013,0.102023841971916,0.183434849364735,2.80426320489125e-37,984.128712404239,0.00449357999611322
MissingCategory,sex2,0.204481776095967,0.0604812588340463,1.22688909693286,1.08958079487318,1.38150090682164,0.000751196054024495,972.889430388709,0.0100924480806919
MissingCategory,race2,0.188736016470581,0.114852887704783,1.20772209165744,0.964015066064192,1.51303926880775,0.100643027976511,985.344537816891,0.00357958455429994
MissingCategory,race3,0.135121245889459,0.126220081444106,1.14467556314476,0.893535061178908,1.46640260890493,0.284646922822451,985.707111303278,0.0032775755927906
MissingCategory,race4,-0.0589339090371873,0.240513364217035,0.942769075614047,0.588068736514088,1.51141095376505,0.806481285276032,984.921390502623,0.00391317875375042
MissingCategory,race5,-0.186728014438248,0.338881370085301,0.829669363788294,0.426672107332906,1.61330267757998,0.581749620439641,986.18524378263,0.00285163126516119
MissingCategory,race6,0.0604439529017571,0.21569627060152,1.06230805661778,0.695697375657087,1.62211105955254,0.779362912639807,971.127487047116,0.0107603881370762
MissingCategory,race7,0.234588933675173,0.293615040264419,1.26438891418876,0.710636031909609,2.24964574625843,0.424501998097644,983.718796562228,0.00477489994370665
MissingCategory,region2,0.143203298176855,0.104009827149951,1.1539643766748,0.940914444745632,1.41525490449289,0.168879354006991,984.819080703413,0.00399113933772718
MissingCategory,region3,0.311442348309678,0.0970141570683137,1.36539306693645,1.12869722399342,1.65172571315635,0.00136898363749752,984.601251750678,0.00415394719242404
MissingCategory,region4,0.164870602364619,0.123633212734982,1.17924051790395,0.925201062893893,1.50303350789152,0.182660954336835,984.867901981251,0.00395406028485866
MissingCategory,educationSome college or associate,-0.118498506882166,0.0860320643184822,0.888253141922422,0.7502664102759,1.05161797639976,0.168710733569726,979.259941770514,0.0073184961223594
MissingCategory,educationHigh school or GED,-0.290166624326595,0.0894960010544829,0.748138899052195,0.627637377916527,0.891775780042007,0.00122604183074949,978.940899620729,0.00747547311734282
MissingCategory,educationLess than high school,-0.240409634791473,0.107645597589228,0.786305696916045,0.636573945429617,0.971256604895067,0.0257536467116994,970.081370740022,0.0111422250296687
MissingCategory,educationUnknown,-0.107793495207852,0.242788412503952,0.897812979971299,0.557526820719861,1.44579259158182,0.657155207822137,969.794456352253,0.0112451954166423
MissingCategory,income_group200-399%,0.713062676694827,0.11714512112315,2.0402302654256,1.62086108344952,2.5681038174474,2.15539215062723e-09,551.57633215383,0.0837717429251816
MissingCategory,income_group100-199%,0.896470794217144,0.125643011814494,2.4509379651691,1.91451075395585,3.13766684083393,4.62350378830178e-12,397.066849719968,0.116261756740292
MissingCategory,income_group<100%,0.683683193647901,0.138301468618377,1.98116131133765,1.50975918690988,2.59975244765668,1.05394278333944e-06,492.975107701762,0.0948062121250582
MissingCategory,insurancePublic without private,-0.295499025530827,0.0703078180771288,0.744160139883879,0.648253859491601,0.854255328655192,2.87939147896088e-05,964.820610404813,0.0129278836451412
MissingCategory,insuranceMilitary only,-0.247766708172986,0.233306180382111,0.780542016112157,0.493811867060599,1.23376103240076,0.288504508382383,985.563672101231,0.00339900907412505
MissingCategory,insuranceUninsured,0.616413357987279,0.0902138010921564,1.85227267477695,1.55173303827034,2.21102082452899,1.48463951056641e-11,951.670323181866,0.0167327674741214
MissingCategory,insuranceUnknown,0.109061078634432,0.441904001704715,1.11523046501513,0.468294095159901,2.65589295904572,0.805141817419241,654.78447816484,0.0665820604310589
MissingCategory,hypertensionYes,-0.023609860030143,0.0714948195276837,0.976666672144781,0.848818326880312,1.12377143408788,0.741295306441374,981.741400956402,0.00599885991212355
MissingCategory,hypertensionUnknown,-0.375891992809668,0.992524895699194,0.686676495036111,0.097920973450171,4.81535867364536,0.704975066802256,986.567585973107,0.00248297031783391
MissingCategory,diabetesYes,0.115274881481188,0.0733730326683235,1.12218186219233,0.971697459402044,1.29597141543252,0.116485712024112,983.702238178549,0.00478602762362026
MissingCategory,diabetesUnknown,-0.277101541153084,0.794168325183139,0.757977527290639,0.159525049422801,3.60150292356226,0.72722349224528,986.812724890265,0.00223028677447283
MissingCategory,coronaryYes,0.303182380420616,0.0726622794671171,1.35416141445053,1.17420521366381,1.56169732091795,3.27932470796566e-05,983.802088092696,0.00471865677787725
MissingCategory,coronaryUnknown,0.37782849912128,0.269369104412445,1.45911268230929,0.860042060134226,2.47547174535108,0.161038246266462,986.201698569082,0.00283632644243049
MissingCategory,smokingFormer,-0.0445203717321196,0.0742909266621581,0.956456115227388,0.826704974434447,1.10657166540179,0.549130484385168,983.142984004691,0.00515207453640748
MissingCategory,smokingCurrent,0.182171492463683,0.0780508202155531,1.19981993631458,1.02943027732948,1.39841222011889,0.0197964817030027,979.951176117563,0.00696948535529014
MissingCategory,smokingUnknown,-0.0872426685298445,0.176654717686694,0.916454673938477,0.647966764637256,1.29619174195434,0.621517952590551,961.660469698011,0.01391406543476
MissingCategory,fairpoorFair or poor,0.46563752413601,0.0718568466392648,1.59302945995291,1.38351396616373,1.8342733953851,1.44926375626589e-10,980.43002723769,0.00671995314540948
MissingCategory,fairpoorUnknown,0.595124092391809,0.46684042890032,1.81325594226648,0.725423536017052,4.5323827376996,0.202685785513672,978.423342029636,0.00772502672701868
MissingCategory,disabilityWith disability,0.15113874445106,0.0624272191280956,1.1631580286091,1.02904671475717,1.31474750379732,0.0156563836978014,983.316961753291,0.00504016314297783
