year,variable,pdf_page,question,description,universe,universe_description,question_id,notes,source
2019,WTFA_A,5,,Weight - Final Annual,HHSTAT_A=1,Sample adults 18+,,,https://ftp.cdc.gov/pub/Health_Statistics/NCHS/Dataset_Documentation/NHIS/2019/adult-codebook.pdf
2019,REGION,7,,Household region,HHX ne ' ',All households,,,https://ftp.cdc.gov/pub/Health_Statistics/NCHS/Dataset_Documentation/NHIS/2019/adult-codebook.pdf
2019,PSTRAT,8,,Pseudo-stratum for public-use file variance estimation,All,All cases,,,https://ftp.cdc.gov/pub/Health_Statistics/NCHS/Dataset_Documentation/NHIS/2019/adult-codebook.pdf
2019,PPSU,9,,Pseudo-PSU for public-use file variance estimation,All,All cases,,,https://ftp.cdc.gov/pub/Health_Statistics/NCHS/Dataset_Documentation/NHIS/2019/adult-codebook.pdf
2019,AGEP_A,17,,Age of SA (top coded),HHSTAT_A=1,Sample adults 18+,,Top-coded for public use,https://ftp.cdc.gov/pub/Health_Statistics/NCHS/Dataset_Documentation/NHIS/2019/adult-codebook.pdf
2019,SEX_A,19,,Sex of Sample Adult,HHSTAT_A=1,Sample adults 18+,,,https://ftp.cdc.gov/pub/Health_Statistics/NCHS/Dataset_Documentation/NHIS/2019/adult-codebook.pdf
2019,HISPALLP_A,23,,Single and multiple race groups with Hispanic origin,HHSTAT_A=1,Sample adults 18+,,,https://ftp.cdc.gov/pub/Health_Statistics/NCHS/Dataset_Documentation/NHIS/2019/adult-codebook.pdf
2019,STREV_A,46,* Read if necessary: Have you EVER been told by a doctor or other health professional that you had ...A stroke?,Ever been told you had a stroke,HHSTAT_A=1,Sample adults 18+,CVC.0040.00.1,,https://ftp.cdc.gov/pub/Health_Statistics/NCHS/Dataset_Documentation/NHIS/2019/adult-codebook.pdf
2019,DISAB3_A,164,,The Washington Group Short Set Composite Disability Indicator,HHSTAT_A=1,Sample adults 18+,,The final recode variable created for Washington Group Adult Composite Disability Indicator,https://ftp.cdc.gov/pub/Health_Statistics/NCHS/Dataset_Documentation/NHIS/2019/adult-codebook.pdf
2019,COVER_A,169,,Health insurance hierarchy under 65,HHSTAT_A=1 and (AGEP_A <=64 or AGE65=1),Sample adults 18-64,,This is a hierarchical variable. Adults under age 65 are assigned the first type of insurance in the list that they have.,https://ftp.cdc.gov/pub/Health_Statistics/NCHS/Dataset_Documentation/NHIS/2019/adult-codebook.pdf
2019,COVER65_A,170,,Health Insurance hierarchy 65+,HHSTAT_A=1 and (AGEP_A>=65 or AGE65=2),Sample adults 65+,,This is a hierachical variable for adults aged 65 and over. This hierarchy de- duplicates reports of both private and Medicare Advantage coverage giving preference to Medicare Advantage in the hierarchy.,https://ftp.cdc.gov/pub/Health_Statistics/NCHS/Dataset_Documentation/NHIS/2019/adult-codebook.pdf
2019,MEDDL12M_A,303,"During the past 12 months, have you DELAYED getting medical care because of the cost?","Delayed medical care due to cost, past 12m",HHSTAT_A=1,Sample adults 18+,UTZ.0100.00.1,,https://ftp.cdc.gov/pub/Health_Statistics/NCHS/Dataset_Documentation/NHIS/2019/adult-codebook.pdf
2019,MEDNG12M_A,304,"During the past 12 months, was there any time when you needed medical care, but DID NOT GET IT because of the cost?","Needed medical care but did not get it due to cost, past 12m",HHSTAT_A=1,Sample adults 18+,UTZ.0110.00.1,,https://ftp.cdc.gov/pub/Health_Statistics/NCHS/Dataset_Documentation/NHIS/2019/adult-codebook.pdf
2019,RX12M_A,305,"At any time in the PAST 12 MONTHS, did you take prescription medication?","Took prescription medication, past 12m",HHSTAT_A=1,Sample adults 18+,PMD.0010.00.1,,https://ftp.cdc.gov/pub/Health_Statistics/NCHS/Dataset_Documentation/NHIS/2019/adult-codebook.pdf
2019,RXSK12M_A,306,"During the past 12 months, were any of the following true for you? ...You skipped medication doses to save money.","Skipped medication doses to save money, past 12m",HHSTAT_A=1 and RX12M_A=1,Sample adults 18+ who have taken prescription medication in the past 12 months,PMD.0020.00.1,,https://ftp.cdc.gov/pub/Health_Statistics/NCHS/Dataset_Documentation/NHIS/2019/adult-codebook.pdf
2019,RXLS12M_A,307,"* Read if necessary: During the past 12 months, were any of the following true for you? ...You took less medication to save money.","Took less medication to save money, past 12m",HHSTAT_A=1 and RX12M_A=1,Sample adults 18+ who have taken prescription medication in the past 12 months,PMD.0030.00.1,,https://ftp.cdc.gov/pub/Health_Statistics/NCHS/Dataset_Documentation/NHIS/2019/adult-codebook.pdf
2019,RXDL12M_A,308,"* Read if necessary: During the past 12 months, were any of the following true for you? ...You DELAYED filling a prescription to save money.","Delayed filling prescription to save money, past 12m",HHSTAT_A=1 and RX12M_A=1,Sample adults 18+ who have taken prescription medication in the past 12 months,PMD.0040.00.1,,https://ftp.cdc.gov/pub/Health_Statistics/NCHS/Dataset_Documentation/NHIS/2019/adult-codebook.pdf
2019,RXDG12M_A,309,"During the past 12 months, was there any time when you needed prescription medication, but DID NOT GET IT because of the cost?","Needed prescription medication but did not get it due to cost, past 12m",HHSTAT_A=1,Sample adults 18+,PMD.0050.00.1,,https://ftp.cdc.gov/pub/Health_Statistics/NCHS/Dataset_Documentation/NHIS/2019/adult-codebook.pdf
2020,WTFA_A,4,,Weight - Final Annual,HHSTAT_A=1,Sample adults 18+,,,https://ftp.cdc.gov/pub/Health_Statistics/NCHS/Dataset_Documentation/NHIS/2020/adult-codebook.pdf
2020,REGION,6,,Household region,HHX ne ' ',All households,,,https://ftp.cdc.gov/pub/Health_Statistics/NCHS/Dataset_Documentation/NHIS/2020/adult-codebook.pdf
2020,PSTRAT,7,,Pseudo-stratum for public-use file variance estimation,All,All cases,,,https://ftp.cdc.gov/pub/Health_Statistics/NCHS/Dataset_Documentation/NHIS/2020/adult-codebook.pdf
2020,PPSU,8,,Pseudo-PSU for public-use file variance estimation,All,All cases,,,https://ftp.cdc.gov/pub/Health_Statistics/NCHS/Dataset_Documentation/NHIS/2020/adult-codebook.pdf
2020,AGEP_A,17,,Age of SA (top coded),HHSTAT_A=1,Sample adults 18+,,Top-coded for public use,https://ftp.cdc.gov/pub/Health_Statistics/NCHS/Dataset_Documentation/NHIS/2020/adult-codebook.pdf
2020,SEX_A,19,,Sex of Sample Adult,HHSTAT_A=1,Sample adults 18+,,,https://ftp.cdc.gov/pub/Health_Statistics/NCHS/Dataset_Documentation/NHIS/2020/adult-codebook.pdf
2020,HISPALLP_A,23,,Single and multiple race groups with Hispanic origin,HHSTAT_A=1,Sample adults 18+,,,https://ftp.cdc.gov/pub/Health_Statistics/NCHS/Dataset_Documentation/NHIS/2020/adult-codebook.pdf
2020,STREV_A,46,* Read if necessary: Have you EVER been told by a doctor or other health professional that you had ...A stroke?,Ever been told you had a stroke,HHSTAT_A=1,Sample adults 18+,CVC.0040.00.1,,https://ftp.cdc.gov/pub/Health_Statistics/NCHS/Dataset_Documentation/NHIS/2020/adult-codebook.pdf
2020,DISAB3_A,172,,The Washington Group Short Set Composite Disability Indicator,HHSTAT_A=1,Sample adults 18+,,The final recode variable created for Washington Group Adult Composite Disability Indicator,https://ftp.cdc.gov/pub/Health_Statistics/NCHS/Dataset_Documentation/NHIS/2020/adult-codebook.pdf
2020,COVER_A,178,,Health insurance hierarchy under 65,HHSTAT_A=1 and (AGEP_A <=64 or AGE65=1),Sample adults 18-64,,This is a hierarchical variable. Adults under age 65 are assigned the first type of insurance in the list that they have.,https://ftp.cdc.gov/pub/Health_Statistics/NCHS/Dataset_Documentation/NHIS/2020/adult-codebook.pdf
2020,COVER65_A,179,,Health Insurance hierarchy 65+,HHSTAT_A=1 and (AGEP_A>=65 or AGE65=2),Sample adults 65+,,This is a hierachical variable for adults aged 65 and over. This hierarchy de- duplicates reports of both private and Medicare Advantage coverage giving preference to Medicare Advantage in the hierarchy.,https://ftp.cdc.gov/pub/Health_Statistics/NCHS/Dataset_Documentation/NHIS/2020/adult-codebook.pdf
2020,MEDDL12M_A,316,"During the past 12 months, have you DELAYED getting medical care because of the cost?","Delayed medical care due to cost, past 12m",HHSTAT_A=1,Sample adults 18+,UTZ.0100.00.1,,https://ftp.cdc.gov/pub/Health_Statistics/NCHS/Dataset_Documentation/NHIS/2020/adult-codebook.pdf
2020,MEDNG12M_A,317,"During the past 12 months, was there any time when you needed medical care, but DID NOT GET IT because of the cost?","Needed medical care but did not get it due to cost, past 12m",HHSTAT_A=1,Sample adults 18+,UTZ.0110.00.1,,https://ftp.cdc.gov/pub/Health_Statistics/NCHS/Dataset_Documentation/NHIS/2020/adult-codebook.pdf
2020,RX12M_A,326,"At any time in the past 12 months, did you take prescription medication?","Took prescription medication, past 12m",HHSTAT_A=1,Sample adults 18+,PMD.0010.00.1,,https://ftp.cdc.gov/pub/Health_Statistics/NCHS/Dataset_Documentation/NHIS/2020/adult-codebook.pdf
2020,RXSK12M_A,327,"During the past 12 months, were any of the following true for you? ...You skipped medication doses to save money.","Skipped medication doses to save money, past 12m",HHSTAT_A=1 and RX12M_A=1,Sample adults 18+ who have taken prescription medication in the past 12 months,PMD.0020.00.1,,https://ftp.cdc.gov/pub/Health_Statistics/NCHS/Dataset_Documentation/NHIS/2020/adult-codebook.pdf
2020,RXLS12M_A,328,"* Read if necessary: During the past 12 months, were any of the following true for you? ...You took less medication to save money.","Took less medication to save money, past 12m",HHSTAT_A=1 and RX12M_A=1,Sample adults 18+ who have taken prescription medication in the past 12 months,PMD.0030.00.1,,https://ftp.cdc.gov/pub/Health_Statistics/NCHS/Dataset_Documentation/NHIS/2020/adult-codebook.pdf
2020,RXDL12M_A,329,"* Read if necessary: During the past 12 months, were any of the following true for you? ...You DELAYED filling a prescription to save money.","Delayed filling prescription to save money, past 12m",HHSTAT_A=1 and RX12M_A=1,Sample adults 18+ who have taken prescription medication in the past 12 months,PMD.0040.00.1,,https://ftp.cdc.gov/pub/Health_Statistics/NCHS/Dataset_Documentation/NHIS/2020/adult-codebook.pdf
2020,RXDG12M_A,330,"During the past 12 months, was there any time when you needed prescription medication, but DID NOT GET IT because of the cost?","Needed prescription medication but did not get it due to cost, past 12m",HHSTAT_A=1,Sample adults 18+,PMD.0050.00.1,,https://ftp.cdc.gov/pub/Health_Statistics/NCHS/Dataset_Documentation/NHIS/2020/adult-codebook.pdf
2021,WTFA_A,4,,Weight - Final Annual,HHSTAT_A=1,Sample adults 18+,,,https://ftp.cdc.gov/pub/Health_Statistics/NCHS/Dataset_Documentation/NHIS/2021/adult-codebook.pdf
2021,REGION,6,,Household region,HHX ne ' ',All households,,,https://ftp.cdc.gov/pub/Health_Statistics/NCHS/Dataset_Documentation/NHIS/2021/adult-codebook.pdf
2021,PSTRAT,7,,Pseudo-stratum for public-use file variance estimation,All,All cases,,,https://ftp.cdc.gov/pub/Health_Statistics/NCHS/Dataset_Documentation/NHIS/2021/adult-codebook.pdf
2021,PPSU,8,,Pseudo-PSU for public-use file variance estimation,All,All cases,,,https://ftp.cdc.gov/pub/Health_Statistics/NCHS/Dataset_Documentation/NHIS/2021/adult-codebook.pdf
2021,AGEP_A,17,,Age of SA (top coded),HHSTAT_A=1,Sample adults 18+,,Top-coded for public use,https://ftp.cdc.gov/pub/Health_Statistics/NCHS/Dataset_Documentation/NHIS/2021/adult-codebook.pdf
2021,SEX_A,19,,Sex of Sample Adult,HHSTAT_A=1,Sample adults 18+,,,https://ftp.cdc.gov/pub/Health_Statistics/NCHS/Dataset_Documentation/NHIS/2021/adult-codebook.pdf
2021,HISPALLP_A,23,,Single and multiple race groups with Hispanic origin,HHSTAT_A=1,Sample adults 18+,,,https://ftp.cdc.gov/pub/Health_Statistics/NCHS/Dataset_Documentation/NHIS/2021/adult-codebook.pdf
2021,STREV_A,47,* Read if necessary: Have you EVER been told by a doctor or other health professional that you had ...A stroke?,Ever been told you had a stroke,HHSTAT_A=1,Sample adults 18+,CVC.0040.00.1,,https://ftp.cdc.gov/pub/Health_Statistics/NCHS/Dataset_Documentation/NHIS/2021/adult-codebook.pdf
2021,DISAB3_A,192,,The Washington Group Short Set Composite Disability Indicator,HHSTAT_A=1,Sample adults 18+,,The final recode variable created for Washington Group Adult Composite Disability Indicator,https://ftp.cdc.gov/pub/Health_Statistics/NCHS/Dataset_Documentation/NHIS/2021/adult-codebook.pdf
2021,COVER_A,198,,Health insurance hierarchy under 65,HHSTAT_A=1 and (AGEP_A <=64 or AGE65=1),Sample adults 18-64,,This is a hierarchical variable. Adults under age 65 are assigned the first type of insurance in the list that they have.,https://ftp.cdc.gov/pub/Health_Statistics/NCHS/Dataset_Documentation/NHIS/2021/adult-codebook.pdf
2021,COVER65_A,199,,Health Insurance hierarchy 65+,HHSTAT_A=1 and (AGEP_A>=65 or AGE65=2),Sample adults 65+,,This is a hierachical variable for adults aged 65 and over. This hierarchy de- duplicates reports of both private and Medicare Advantage coverage giving preference to Medicare Advantage in the hierarchy.,https://ftp.cdc.gov/pub/Health_Statistics/NCHS/Dataset_Documentation/NHIS/2021/adult-codebook.pdf
2021,MEDDL12M_A,337,"During the past 12 months, have you DELAYED getting medical care because of the cost?","Delayed medical care due to cost, past 12m",HHSTAT_A=1,Sample adults 18+,UTZ.0100.00.1,,https://ftp.cdc.gov/pub/Health_Statistics/NCHS/Dataset_Documentation/NHIS/2021/adult-codebook.pdf
2021,MEDNG12M_A,338,"During the past 12 months, was there any time when you needed medical care, but DID NOT GET IT because of the cost?","Needed medical care but did not get it due to cost, past 12m",HHSTAT_A=1,Sample adults 18+,UTZ.0110.00.1,,https://ftp.cdc.gov/pub/Health_Statistics/NCHS/Dataset_Documentation/NHIS/2021/adult-codebook.pdf
2021,RX12M_A,347,"At any time in the past 12 months, did you take prescription medication?","Took prescription medication, past 12m",HHSTAT_A=1,Sample adults 18+,PMD.0010.00.1,,https://ftp.cdc.gov/pub/Health_Statistics/NCHS/Dataset_Documentation/NHIS/2021/adult-codebook.pdf
2021,RXSK12M_A,348,"During the past 12 months, were any of the following true for you? ...You skipped medication doses to save money.","Skipped medication doses to save money, past 12m",HHSTAT_A=1 and RX12M_A=1,Sample adults 18+ who have taken prescription medication in the past 12 months,PMD.0020.00.1,,https://ftp.cdc.gov/pub/Health_Statistics/NCHS/Dataset_Documentation/NHIS/2021/adult-codebook.pdf
2021,RXLS12M_A,349,"* Read if necessary: During the past 12 months, were any of the following true for you? ...You took less medication to save money.","Took less medication to save money, past 12m",HHSTAT_A=1 and RX12M_A=1,Sample adults 18+ who have taken prescription medication in the past 12 months,PMD.0030.00.1,,https://ftp.cdc.gov/pub/Health_Statistics/NCHS/Dataset_Documentation/NHIS/2021/adult-codebook.pdf
2021,RXDL12M_A,350,"* Read if necessary: During the past 12 months, were any of the following true for you? ...You DELAYED filling a prescription to save money.","Delayed filling prescription to save money, past 12m",HHSTAT_A=1 and RX12M_A=1,Sample adults 18+ who have taken prescription medication in the past 12 months,PMD.0040.00.1,,https://ftp.cdc.gov/pub/Health_Statistics/NCHS/Dataset_Documentation/NHIS/2021/adult-codebook.pdf
2021,RXDG12M_A,351,"During the past 12 months, was there any time when you needed prescription medication, but DID NOT GET IT because of the cost?","Needed prescription medication but did not get it due to cost, past 12m",HHSTAT_A=1,Sample adults 18+,PMD.0050.00.1,,https://ftp.cdc.gov/pub/Health_Statistics/NCHS/Dataset_Documentation/NHIS/2021/adult-codebook.pdf
2022,WTFA_A,4,,Weight - Final Annual,HHSTAT_A=1,Sample adults 18+,,,https://ftp.cdc.gov/pub/Health_Statistics/NCHS/Dataset_Documentation/NHIS/2022/adult-codebook.pdf
2022,REGION,6,,Household region,HHX ne ' ',All households,,,https://ftp.cdc.gov/pub/Health_Statistics/NCHS/Dataset_Documentation/NHIS/2022/adult-codebook.pdf
2022,PSTRAT,7,,Pseudo-stratum for public-use file variance estimation,All,All cases,,,https://ftp.cdc.gov/pub/Health_Statistics/NCHS/Dataset_Documentation/NHIS/2022/adult-codebook.pdf
2022,PPSU,8,,Pseudo-PSU for public-use file variance estimation,All,All cases,,,https://ftp.cdc.gov/pub/Health_Statistics/NCHS/Dataset_Documentation/NHIS/2022/adult-codebook.pdf
2022,SEX_A,17,,Sex of Sample Adult,HHSTAT_A=1,Sample adults 18+,,,https://ftp.cdc.gov/pub/Health_Statistics/NCHS/Dataset_Documentation/NHIS/2022/adult-codebook.pdf
2022,AGEP_A,18,,Age of SA (top coded),HHSTAT_A=1,Sample adults 18+,,Top-coded for public use,https://ftp.cdc.gov/pub/Health_Statistics/NCHS/Dataset_Documentation/NHIS/2022/adult-codebook.pdf
2022,HISPALLP_A,21,,Single and multiple race groups with Hispanic origin,HHSTAT_A=1,Sample adults 18+,,This variable is a public use recode of the full detail variable RACEFULL combined with Hispanic origin for sample adult. It also includes imputed data when race and Hispanic origin are unknown.,https://ftp.cdc.gov/pub/Health_Statistics/NCHS/Dataset_Documentation/NHIS/2022/adult-codebook.pdf
2022,STREV_A,45,* Read if necessary: Have you EVER been told by a doctor or other health professional that you had ...A stroke?,Ever been told you had a stroke,HHSTAT_A=1,Sample adults 18+,CVC.0040.00.1,,https://ftp.cdc.gov/pub/Health_Statistics/NCHS/Dataset_Documentation/NHIS/2022/adult-codebook.pdf
2022,DISAB3_A,167,,The Washington Group Short Set Composite Disability Indicator,HHSTAT_A=1,Sample adults 18+,,"The final recode variable created for Washington Group Adult Composite Disability Indicator. Disability is defined by the reported level of difficulty (no difficulty, some difficulty, a lot of difficulty, or cannot do at all) in six functioning domains: seeing (even if wearing glasses), hearing (even if wearing hearing aids), mobility (walking or climbing stairs), communication (understanding or being understood by others), cognition (remembering or concentrating), and self-care (such as washing all over or dressing). Sample adults who responded ""a lot of difficulty"" or ""cannot do at all"" to at least one question were considered to have a disability.",https://ftp.cdc.gov/pub/Health_Statistics/NCHS/Dataset_Documentation/NHIS/2022/adult-codebook.pdf
2022,COVER_A,173,,Health insurance hierarchy under 65,HHSTAT_A=1 and (AGEP_A <=64 or AGE65=1),Sample adults 18-64,,This is a hierarchical variable. Adults under age 65 are assigned the first type of insurance in the list that they have.,https://ftp.cdc.gov/pub/Health_Statistics/NCHS/Dataset_Documentation/NHIS/2022/adult-codebook.pdf
2022,COVER65_A,174,,Health Insurance hierarchy 65+,HHSTAT_A=1 and (AGEP_A>=65 or AGE65=2),Sample adults 65+,,This is a hierachical variable for adults aged 65 and over. This hierarchy de­ duplicates reports of both private and Medicare Advantage coverage giving preference to Medicare Advantage in the hierarchy.,https://ftp.cdc.gov/pub/Health_Statistics/NCHS/Dataset_Documentation/NHIS/2022/adult-codebook.pdf
2022,MEDDL12M_A,314,"During the past 12 months, have you DELAYED getting medical care because of the cost?","Delayed medical care due to cost, past 12m",HHSTAT_A=1,Sample adults 18+,UTZ.0100.00.1,,https://ftp.cdc.gov/pub/Health_Statistics/NCHS/Dataset_Documentation/NHIS/2022/adult-codebook.pdf
2022,MEDNG12M_A,315,"During the past 12 months, was there any time when you needed medical care, but DID NOT GET IT because of the cost?","Needed medical care but did not get it due to cost, past 12m",HHSTAT_A=1,Sample adults 18+,UTZ.0110.00.1,,https://ftp.cdc.gov/pub/Health_Statistics/NCHS/Dataset_Documentation/NHIS/2022/adult-codebook.pdf
2022,RX12M_A,327,"At any time in the past 12 months, did you take prescription medication?","Took prescription medication, past 12m",HHSTAT_A=1,Sample adults 18+,PMD.0010.00.1,,https://ftp.cdc.gov/pub/Health_Statistics/NCHS/Dataset_Documentation/NHIS/2022/adult-codebook.pdf
2022,RXSK12M_A,328,"During the past 12 months, were any of the following true for you? ...You skipped medication doses to save money.","Skipped medication doses to save money, past 12m",HHSTAT_A=1 and RX12M_A=1,Sample adults 18+ who have taken prescription medication in the past 12 months,PMD.0020.00.1,,https://ftp.cdc.gov/pub/Health_Statistics/NCHS/Dataset_Documentation/NHIS/2022/adult-codebook.pdf
2022,RXLS12M_A,329,"* Read if necessary: During the past 12 months, were any of the following true for you? ...You took less medication to save money.","Took less medication to save money, past 12m",HHSTAT_A=1 and RX12M_A=1,Sample adults 18+ who have taken prescription medication in the past 12 months,PMD.0030.00.1,,https://ftp.cdc.gov/pub/Health_Statistics/NCHS/Dataset_Documentation/NHIS/2022/adult-codebook.pdf
2022,RXDL12M_A,330,"* Read if necessary: During the past 12 months, were any of the following true for you? ...You DELAYED filling a prescription to save money.","Delayed filling prescription to save money, past 12m",HHSTAT_A=1 and RX12M_A=1,Sample adults 18+ who have taken prescription medication in the past 12 months,PMD.0040.00.1,,https://ftp.cdc.gov/pub/Health_Statistics/NCHS/Dataset_Documentation/NHIS/2022/adult-codebook.pdf
2022,RXDG12M_A,331,"During the past 12 months, was there any time when you needed prescription medication, but DID NOT GET IT because of the cost?","Needed prescription medication but did not get it due to cost, past 12m",HHSTAT_A=1,Sample adults 18+,PMD.0050.00.1,,https://ftp.cdc.gov/pub/Health_Statistics/NCHS/Dataset_Documentation/NHIS/2022/adult-codebook.pdf
2023,WTFA_A,4,,Weight - Final Annual,HHSTAT_A=1,Sample adults 18+,,,https://ftp.cdc.gov/pub/Health_Statistics/NCHS/Dataset_Documentation/NHIS/2023/adult-codebook.pdf
2023,REGION,6,,Household region,HHX ne ' ',All households,,,https://ftp.cdc.gov/pub/Health_Statistics/NCHS/Dataset_Documentation/NHIS/2023/adult-codebook.pdf
2023,PSTRAT,7,,Pseudo-stratum for public-use file variance estimation,All,All cases,,,https://ftp.cdc.gov/pub/Health_Statistics/NCHS/Dataset_Documentation/NHIS/2023/adult-codebook.pdf
2023,PPSU,8,,Pseudo-PSU for public-use file variance estimation,All,All cases,,,https://ftp.cdc.gov/pub/Health_Statistics/NCHS/Dataset_Documentation/NHIS/2023/adult-codebook.pdf
2023,SEX_A,17,,Sex of Sample Adult,HHSTAT_A=1,Sample adults 18+,,,https://ftp.cdc.gov/pub/Health_Statistics/NCHS/Dataset_Documentation/NHIS/2023/adult-codebook.pdf
2023,AGEP_A,18,,Age of SA (top coded),HHSTAT_A=1,Sample adults 18+,,Top-coded for public use,https://ftp.cdc.gov/pub/Health_Statistics/NCHS/Dataset_Documentation/NHIS/2023/adult-codebook.pdf
2023,HISPALLP_A,21,,Single and multiple race groups with Hispanic origin,HHSTAT_A=1,Sample adults 18+,,This variable is a public use recode of the full detail variable RACEFULL combined with Hispanic origin for sample adult. It also includes imputed data when race and Hispanic origin are unknown.,https://ftp.cdc.gov/pub/Health_Statistics/NCHS/Dataset_Documentation/NHIS/2023/adult-codebook.pdf
2023,STREV_A,45,* Read if necessary: Have you EVER been told by a doctor or other health professional that you had ...A stroke?,Ever been told you had a stroke,HHSTAT_A=1,Sample adults 18+,CVC.0040.00.1,,https://ftp.cdc.gov/pub/Health_Statistics/NCHS/Dataset_Documentation/NHIS/2023/adult-codebook.pdf
2023,DISAB3_A,184,,The Washington Group Short Set Composite Disability Indicator,HHSTAT_A=1,Sample adults 18+,,"The final recode variable created for Washington Group Adult Composite Disability Indicator. Disability is defined by the reported level of difficulty (no difficulty, some difficulty, a lot of difficulty, or cannot do at all) in six functioning domains: seeing (even if wearing glasses), hearing (even if wearing hearing aids), mobility (walking or climbing stairs), communication (understanding or being understood by others), cognition (remembering or concentrating), and self-care (such as washing all over or dressing). Sample adults who responded ""a lot of difficulty"" or ""cannot do at all"" to at least one question were considered to have a disability.",https://ftp.cdc.gov/pub/Health_Statistics/NCHS/Dataset_Documentation/NHIS/2023/adult-codebook.pdf
2023,COVER_A,190,,Health insurance hierarchy under 65,HHSTAT_A=1 and (AGEP_A <=64 or AGE65=1),Sample adults 18-64,,This is a hierarchical variable. Adults under age 65 are assigned the first type of insurance in the list that they have.,https://ftp.cdc.gov/pub/Health_Statistics/NCHS/Dataset_Documentation/NHIS/2023/adult-codebook.pdf
2023,COVER65_A,191,,Health Insurance hierarchy 65+,HHSTAT_A=1 and (AGEP_A>=65 or AGE65=2),Sample adults 65+,,This is a hierachical variable for adults aged 65 and over. This hierarchy de- duplicates reports of both private and Medicare Advantage coverage giving preference to Medicare Advantage in the hierarchy.,https://ftp.cdc.gov/pub/Health_Statistics/NCHS/Dataset_Documentation/NHIS/2023/adult-codebook.pdf
2023,MEDDL12M_A,330,"During the past 12 months, have you DELAYED getting medical care because of the cost?","Delayed medical care due to cost, past 12 months",HHSTAT_A=1,Sample adults 18+,UTZ.0100.00.1,,https://ftp.cdc.gov/pub/Health_Statistics/NCHS/Dataset_Documentation/NHIS/2023/adult-codebook.pdf
2023,MEDNG12M_A,331,"During the past 12 months, was there any time when you needed medical care, but DID NOT GET IT because of the cost?","Needed medical care but did not get it due to cost, past 12 months",HHSTAT_A=1,Sample adults 18+,UTZ.0110.00.1,,https://ftp.cdc.gov/pub/Health_Statistics/NCHS/Dataset_Documentation/NHIS/2023/adult-codebook.pdf
2023,RX12M_A,338,"At any time in the past 12 months, did you take prescription medication?","Took prescription medication, past 12 months",HHSTAT_A=1,Sample adults 18+,PMD.0010.00.1,,https://ftp.cdc.gov/pub/Health_Statistics/NCHS/Dataset_Documentation/NHIS/2023/adult-codebook.pdf
2023,RXSK12M_A,339,"During the past 12 months, were any of the following true for you? ...You skipped medication doses to save money.","Skipped medication doses to save money, past 12m",HHSTAT_A=1 and RX12M_A=1,Sample adults 18+ who have taken prescription medication in the past 12 months,PMD.0020.00.1,,https://ftp.cdc.gov/pub/Health_Statistics/NCHS/Dataset_Documentation/NHIS/2023/adult-codebook.pdf
2023,RXLS12M_A,340,"* Read if necessary: During the past 12 months, were any of the following true for you? ...You took less medication to save money.","Took less medication to save money, past 12 months",HHSTAT_A=1 and RX12M_A=1,Sample adults 18+ who have taken prescription medication in the past 12 months,PMD.0030.00.1,,https://ftp.cdc.gov/pub/Health_Statistics/NCHS/Dataset_Documentation/NHIS/2023/adult-codebook.pdf
2023,RXDL12M_A,341,"* Read if necessary: During the past 12 months, were any of the following true for you? ...You DELAYED filling a prescription to save money.","Delayed filling prescription to save money, past 12 months",HHSTAT_A=1 and RX12M_A=1,Sample adults 18+ who have taken prescription medication in the past 12 months,PMD.0040.00.1,,https://ftp.cdc.gov/pub/Health_Statistics/NCHS/Dataset_Documentation/NHIS/2023/adult-codebook.pdf
2023,RXDG12M_A,342,"During the past 12 months, was there any time when you needed prescription medication, but DID NOT GET IT because of the cost?","Needed prescription medication but did not get it due to cost, past 12 months",HHSTAT_A=1,Sample adults 18+,PMD.0050.00.1,,https://ftp.cdc.gov/pub/Health_Statistics/NCHS/Dataset_Documentation/NHIS/2023/adult-codebook.pdf
2024,WTFA_A,4,,Weight - Final Annual,HHSTAT_A=1,Sample adults 18+,,,https://ftp.cdc.gov/pub/Health_Statistics/NCHS/Dataset_Documentation/NHIS/2024/adult-codebook.pdf
2024,REGION,6,,Household region,HHX ne ' ',All households,,,https://ftp.cdc.gov/pub/Health_Statistics/NCHS/Dataset_Documentation/NHIS/2024/adult-codebook.pdf
2024,PPSU,7,,Pseudo-PSU for public-use file variance estimation,All,All cases,,,https://ftp.cdc.gov/pub/Health_Statistics/NCHS/Dataset_Documentation/NHIS/2024/adult-codebook.pdf
2024,PSTRAT,8,,Pseudo-stratum for public-use file variance estimation,All,All cases,,,https://ftp.cdc.gov/pub/Health_Statistics/NCHS/Dataset_Documentation/NHIS/2024/adult-codebook.pdf
2024,SEX_A,19,,Sex of Sample Adult,HHSTAT_A=1,Sample adults 18+,,,https://ftp.cdc.gov/pub/Health_Statistics/NCHS/Dataset_Documentation/NHIS/2024/adult-codebook.pdf
2024,AGEP_A,21,,Age of SA (top coded),HHSTAT_A=1,Sample adults 18+,,Top-coded for public use,https://ftp.cdc.gov/pub/Health_Statistics/NCHS/Dataset_Documentation/NHIS/2024/adult-codebook.pdf
2024,HISPALLP_A,25,,Single and multiple race groups with Hispanic origin,HHSTAT_A=1,Sample adults 18+,,This variable is a public use recode of the full detail variable RACEFULL combined with Hispanic origin for sample adult. It also includes imputed data when race and Hispanic origin are unknown.,https://ftp.cdc.gov/pub/Health_Statistics/NCHS/Dataset_Documentation/NHIS/2024/adult-codebook.pdf
2024,STREV_A,44,* Read if necessary: Have you EVER been told by a doctor or other health professional that you had ...A stroke?,Ever had a stroke,HHSTAT_A=1,Sample adults 18+,CVC.0040.00.1,,https://ftp.cdc.gov/pub/Health_Statistics/NCHS/Dataset_Documentation/NHIS/2024/adult-codebook.pdf
2024,DISAB3_A,181,,Disability status,HHSTAT_A=1,Sample adults 18+,,"Indicator of disability status based on the Washington Group Short Set on Functioning (WG-SS) that identifies Sample Adults who are at greater risk than the general population for experiencing restrictions in participation because of difficulties doing certain universal, basic actions. This recode classifies Sample Adults with disability as those reporting “a lot of difficulty” or “cannot do at all” for at least one of six domains of functioning: seeing (even if wearing glasses), hearing (even if wearing hearing aids), mobility (walking or climbing stairs), communication (understanding or being understood by others), cognition (remembering or concentrating), and self-care (such as washing all over or dressing). The remaining Sample Adults, that is those who responded ""some difficulty"" or “no difficulty"" to at least one domain (and did not report “a lot of difficulty” or “cannot do at all” for any of the six domains of functioning) are classified as without disability. Those responding ""don't know"" or ""refused"" to all six questions are excluded.",https://ftp.cdc.gov/pub/Health_Statistics/NCHS/Dataset_Documentation/NHIS/2024/adult-codebook.pdf
2024,COVER_A,188,,Health insurance hierarchy under 65,HHSTAT_A=1 and (AGEP_A <=64 or AGE65=1),Sample adults 18-64,,This is a hierarchical variable. Adults under age 65 are assigned the first type of insurance in the list that they have.,https://ftp.cdc.gov/pub/Health_Statistics/NCHS/Dataset_Documentation/NHIS/2024/adult-codebook.pdf
2024,COVER65_A,189,,Health Insurance hierarchy 65+,HHSTAT_A=1 and (AGEP_A>=65 or AGE65=2),Sample adults 65+,,This is a hierachical variable for adults aged 65 and over. This hierarchy de- duplicates reports of both private and Medicare Advantage coverage giving preference to Medicare Advantage in the hierarchy.,https://ftp.cdc.gov/pub/Health_Statistics/NCHS/Dataset_Documentation/NHIS/2024/adult-codebook.pdf
2024,MEDDL12M_A,332,"During the past 12 months, have you DELAYED getting medical care because of the cost?","Delayed medical care due to cost, past 12 months",HHSTAT_A=1,Sample adults 18+,UTZ.0100.00.1,,https://ftp.cdc.gov/pub/Health_Statistics/NCHS/Dataset_Documentation/NHIS/2024/adult-codebook.pdf
2024,MEDNG12M_A,333,"During the past 12 months, was there any time when you needed medical care, but DID NOT GET IT because of the cost?","Needed medical care but did not get it due to cost, past 12 months",HHSTAT_A=1,Sample adults 18+,UTZ.0110.00.1,,https://ftp.cdc.gov/pub/Health_Statistics/NCHS/Dataset_Documentation/NHIS/2024/adult-codebook.pdf
2024,RX12M_A,340,"At any time in the past 12 months, did you take prescription medication?","Took prescription medication, past 12 months",HHSTAT_A=1,Sample adults 18+,PMD.0010.00.1,,https://ftp.cdc.gov/pub/Health_Statistics/NCHS/Dataset_Documentation/NHIS/2024/adult-codebook.pdf
2024,RXSK12M_A,341,"During the past 12 months, were any of the following true for you? ...You skipped medication doses to save money.","Skipped medication doses to save money, past 12 months",HHSTAT_A=1 and RX12M_A=1,Sample adults 18+ who have taken prescription medication in the past 12 months,PMD.0020.00.1,,https://ftp.cdc.gov/pub/Health_Statistics/NCHS/Dataset_Documentation/NHIS/2024/adult-codebook.pdf
2024,RXLS12M_A,342,"* Read if necessary: During the past 12 months, were any of the following true for you? ...You took less medication to save money.","Took less medication to save money, past 12 months",HHSTAT_A=1 and RX12M_A=1,Sample adults 18+ who have taken prescription medication in the past 12 months,PMD.0030.00.1,,https://ftp.cdc.gov/pub/Health_Statistics/NCHS/Dataset_Documentation/NHIS/2024/adult-codebook.pdf
2024,RXDL12M_A,343,"* Read if necessary: During the past 12 months, were any of the following true for you? ...You DELAYED filling a prescription to save money.","Delayed filling prescription to save money, past 12 months",HHSTAT_A=1 and RX12M_A=1,Sample adults 18+ who have taken prescription medication in the past 12 months,PMD.0040.00.1,,https://ftp.cdc.gov/pub/Health_Statistics/NCHS/Dataset_Documentation/NHIS/2024/adult-codebook.pdf
2024,RXDG12M_A,344,"During the past 12 months, was there any time when you needed prescription medication, but DID NOT GET IT because of the cost?","Needed prescription medication but did not get it due to cost, past 12 months",HHSTAT_A=1,Sample adults 18+,PMD.0050.00.1,,https://ftp.cdc.gov/pub/Health_Statistics/NCHS/Dataset_Documentation/NHIS/2024/adult-codebook.pdf
2025,WTFA_A,4,,Weight - Final Annual,HHSTAT_A=1,Sample adults 18+,,,https://ftp.cdc.gov/pub/Health_Statistics/NCHS/Dataset_Documentation/NHIS/2025/adult-codebook.pdf
2025,REGION,6,,Household region,All,All cases,,,https://ftp.cdc.gov/pub/Health_Statistics/NCHS/Dataset_Documentation/NHIS/2025/adult-codebook.pdf
2025,PSTRAT,7,,Annual Public Variance Stratum,All,All cases,,This identifies the stratum for annual public variances,https://ftp.cdc.gov/pub/Health_Statistics/NCHS/Dataset_Documentation/NHIS/2025/adult-codebook.pdf
2025,PPSU,8,,Annual Public Variance PSU,All,All cases,,This identifies the PSU for annual public variances,https://ftp.cdc.gov/pub/Health_Statistics/NCHS/Dataset_Documentation/NHIS/2025/adult-codebook.pdf
2025,SEX_A,19,,Sex of Sample Adult,HHSTAT_A=1,Sample adults 18+,,,https://ftp.cdc.gov/pub/Health_Statistics/NCHS/Dataset_Documentation/NHIS/2025/adult-codebook.pdf
2025,AGEP_A,21,,Age of SA (top coded),HHSTAT_A=1,Sample adults 18+,,Top-coded for public use,https://ftp.cdc.gov/pub/Health_Statistics/NCHS/Dataset_Documentation/NHIS/2025/adult-codebook.pdf
2025,HISPALLP_A,25,,Single and multiple race groups with Hispanic origin,HHSTAT_A=1,Sample adults 18+,,This variable is a public use recode of the full detail variable RACEFULL combined with Hispanic origin for sample adult. It also includes imputed data when race and Hispanic origin are unknown.,https://ftp.cdc.gov/pub/Health_Statistics/NCHS/Dataset_Documentation/NHIS/2025/adult-codebook.pdf
2025,STREV_A,44,* Read if necessary: Have you EVER been told by a doctor or other health professional that you had ...A stroke?,Ever had a stroke,HHSTAT_A=1,Sample adults 18+,CVC.0040.00.1,,https://ftp.cdc.gov/pub/Health_Statistics/NCHS/Dataset_Documentation/NHIS/2025/adult-codebook.pdf
2025,DISAB3_A,182,,Disability status,HHSTAT_A=1,Sample adults 18+,,"Indicator of disability status based on the Washington Group Short Set on Functioning (WG-SS) that identifies Sample Adults who are at greater risk than the general population for experiencing restrictions in participation because of difficulties doing certain universal, basic actions. This recode classifies Sample Adults with disability as those reporting “a lot of difficulty” or “cannot do at all” for at least one of six domains of functioning: seeing (even if wearing glasses), hearing (even if wearing hearing aids), mobility (walking or climbing stairs), communication (understanding or being understood by others), cognition (remembering or concentrating), and self-care (such as washing all over or dressing). The remaining Sample Adults, that is those who responded ""some difficulty"" or “no difficulty"" to at least one domain (and did not report “a lot of difficulty” or “cannot do at all” for any of the six domains of functioning) are classified as without disability. Those responding ""don't know"" or ""refused"" to all six questions are excluded.",https://ftp.cdc.gov/pub/Health_Statistics/NCHS/Dataset_Documentation/NHIS/2025/adult-codebook.pdf
2025,COVER_A,189,,Health insurance hierarchy under 65,HHSTAT_A=1 and (AGEP_A <=64 or AGE65=1),Sample adults 18-64,,This is a hierarchical variable. Adults under age 65 are assigned the first type of insurance in the list that they have. See the Survey Description Document insurance section for more detail.,https://ftp.cdc.gov/pub/Health_Statistics/NCHS/Dataset_Documentation/NHIS/2025/adult-codebook.pdf
2025,COVER65_A,190,,Health Insurance hierarchy 65+,HHSTAT_A=1 and (AGEP_A>=65 or AGE65=2),Sample adults 65+,,This is a hierarchical variable for adults aged 65 and over. This hierarchy de­ duplicates reports of both private and Medicare Advantage coverage giving preference to Medicare Advantage in the hierarchy. See the Survey Description Document insurance section for more detail.,https://ftp.cdc.gov/pub/Health_Statistics/NCHS/Dataset_Documentation/NHIS/2025/adult-codebook.pdf
2025,MEDDL12M_A,330,"During the past 12 months, have you DELAYED getting medical care because of the cost?","Delayed medical care due to cost, past 12 months",HHSTAT_A=1,Sample adults 18+,UTZ.0100.00.1,,https://ftp.cdc.gov/pub/Health_Statistics/NCHS/Dataset_Documentation/NHIS/2025/adult-codebook.pdf
2025,MEDNG12M_A,331,"During the past 12 months, was there any time when you needed medical care, but DID NOT GET IT because of the cost?","Needed medical care but did not get it due to cost, past 12 months",HHSTAT_A=1,Sample adults 18+,UTZ.0110.00.1,,https://ftp.cdc.gov/pub/Health_Statistics/NCHS/Dataset_Documentation/NHIS/2025/adult-codebook.pdf
2025,RX12M_A,338,"At any time in the past 12 months, did you take prescription medication?","Took prescription medication, past 12 months",HHSTAT_A=1,Sample adults 18+,PMD.0010.00.1,,https://ftp.cdc.gov/pub/Health_Statistics/NCHS/Dataset_Documentation/NHIS/2025/adult-codebook.pdf
2025,RXSK12M_A,339,"During the past 12 months, were any of the following true for you? ...You skipped medication doses to save money.","Skipped medication doses to save money, past 12 months",HHSTAT_A=1 and RX12M_A=1,Sample adults 18+ who have taken prescription medication in the past 12 months,PMD.0020.00.1,,https://ftp.cdc.gov/pub/Health_Statistics/NCHS/Dataset_Documentation/NHIS/2025/adult-codebook.pdf
2025,RXLS12M_A,340,"* Read if necessary: During the past 12 months, were any of the following true for you? ...You took less medication to save money.","Took less medication to save money, past 12 months",HHSTAT_A=1 and RX12M_A=1,Sample adults 18+ who have taken prescription medication in the past 12 months,PMD.0030.00.1,,https://ftp.cdc.gov/pub/Health_Statistics/NCHS/Dataset_Documentation/NHIS/2025/adult-codebook.pdf
2025,RXDL12M_A,341,"* Read if necessary: During the past 12 months, were any of the following true for you? ...You DELAYED filling a prescription to save money.","Delayed filling prescription to save money, past 12 months",HHSTAT_A=1 and RX12M_A=1,Sample adults 18+ who have taken prescription medication in the past 12 months,PMD.0040.00.1,,https://ftp.cdc.gov/pub/Health_Statistics/NCHS/Dataset_Documentation/NHIS/2025/adult-codebook.pdf
2025,RXDG12M_A,342,"During the past 12 months, was there any time when you needed prescription medication, but DID NOT GET IT because of the cost?","Needed prescription medication but did not get it due to cost, past 12 months",HHSTAT_A=1,Sample adults 18+,PMD.0050.00.1,,https://ftp.cdc.gov/pub/Health_Statistics/NCHS/Dataset_Documentation/NHIS/2025/adult-codebook.pdf
