raw_code,N,year,variable
2,30743,2019,STREV_A
1,1204,2019,STREV_A
7,30,2019,STREV_A
9,20,2019,STREV_A
2,29181,2019,MEDDL12M_A
1,2646,2019,MEDDL12M_A
8,138,2019,MEDDL12M_A
7,26,2019,MEDDL12M_A
9,6,2019,MEDDL12M_A
2,29426,2019,MEDNG12M_A
1,2398,2019,MEDNG12M_A
8,141,2019,MEDNG12M_A
7,25,2019,MEDNG12M_A
9,7,2019,MEDNG12M_A
1,22445,2019,RX12M_A
2,9339,2019,RX12M_A
8,152,2019,RX12M_A
9,17,2019,RX12M_A
7,44,2019,RX12M_A
2,21199,2019,RXSK12M_A
,9552,2019,RXSK12M_A
1,1240,2019,RXSK12M_A
9,5,2019,RXSK12M_A
8,1,2019,RXSK12M_A
2,21102,2019,RXLS12M_A
,9552,2019,RXLS12M_A
1,1337,2019,RXLS12M_A
9,5,2019,RXLS12M_A
8,1,2019,RXLS12M_A
2,20774,2019,RXDL12M_A
,9552,2019,RXDL12M_A
1,1666,2019,RXDL12M_A
9,3,2019,RXDL12M_A
7,1,2019,RXDL12M_A
8,1,2019,RXDL12M_A
2,29676,2019,RXDG12M_A
1,2128,2019,RXDG12M_A
8,156,2019,RXDG12M_A
7,27,2019,RXDG12M_A
9,10,2019,RXDG12M_A
2,30478,2020,STREV_A
1,1060,2020,STREV_A
9,16,2020,STREV_A
7,14,2020,STREV_A
2,29345,2020,MEDDL12M_A
1,2047,2020,MEDDL12M_A
8,164,2020,MEDDL12M_A
7,4,2020,MEDDL12M_A
9,8,2020,MEDDL12M_A
2,29580,2020,MEDNG12M_A
1,1804,2020,MEDNG12M_A
8,166,2020,MEDNG12M_A
7,5,2020,MEDNG12M_A
9,13,2020,MEDNG12M_A
2,8972,2020,RX12M_A
1,22385,2020,RX12M_A
8,180,2020,RX12M_A
7,19,2020,RX12M_A
9,12,2020,RX12M_A
,9183,2020,RXSK12M_A
2,21458,2020,RXSK12M_A
1,917,2020,RXSK12M_A
9,3,2020,RXSK12M_A
8,6,2020,RXSK12M_A
7,1,2020,RXSK12M_A
,9183,2020,RXLS12M_A
2,21328,2020,RXLS12M_A
1,1046,2020,RXLS12M_A
8,8,2020,RXLS12M_A
9,2,2020,RXLS12M_A
7,1,2020,RXLS12M_A
,9183,2020,RXDL12M_A
2,21073,2020,RXDL12M_A
1,1302,2020,RXDL12M_A
8,8,2020,RXDL12M_A
7,1,2020,RXDL12M_A
9,1,2020,RXDL12M_A
2,29736,2020,RXDG12M_A
1,1624,2020,RXDG12M_A
8,191,2020,RXDG12M_A
7,7,2020,RXDG12M_A
9,10,2020,RXDG12M_A
2,28437,2021,STREV_A
1,1010,2021,STREV_A
7,17,2021,STREV_A
9,18,2021,STREV_A
2,27241,2021,MEDDL12M_A
1,2010,2021,MEDDL12M_A
8,214,2021,MEDDL12M_A
7,10,2021,MEDDL12M_A
9,7,2021,MEDDL12M_A
2,27561,2021,MEDNG12M_A
1,1688,2021,MEDNG12M_A
8,214,2021,MEDNG12M_A
7,12,2021,MEDNG12M_A
9,7,2021,MEDNG12M_A
1,20252,2021,RX12M_A
2,8965,2021,RX12M_A
8,238,2021,RX12M_A
9,5,2021,RX12M_A
7,22,2021,RX12M_A
2,19499,2021,RXSK12M_A
,9230,2021,RXSK12M_A
1,746,2021,RXSK12M_A
9,3,2021,RXSK12M_A
7,2,2021,RXSK12M_A
8,2,2021,RXSK12M_A
2,19377,2021,RXLS12M_A
,9230,2021,RXLS12M_A
1,867,2021,RXLS12M_A
9,4,2021,RXLS12M_A
7,2,2021,RXLS12M_A
8,2,2021,RXLS12M_A
1,1046,2021,RXDL12M_A
2,19198,2021,RXDL12M_A
,9230,2021,RXDL12M_A
9,4,2021,RXDL12M_A
7,2,2021,RXDL12M_A
8,2,2021,RXDL12M_A
2,27858,2021,RXDG12M_A
1,1356,2021,RXDG12M_A
8,247,2021,RXDG12M_A
9,10,2021,RXDG12M_A
7,11,2021,RXDG12M_A
2,26603,2022,STREV_A
1,1008,2022,STREV_A
9,18,2022,STREV_A
7,22,2022,STREV_A
2,25683,2022,MEDDL12M_A
1,1770,2022,MEDDL12M_A
8,192,2022,MEDDL12M_A
9,3,2022,MEDDL12M_A
7,3,2022,MEDDL12M_A
2,25862,2022,MEDNG12M_A
1,1582,2022,MEDNG12M_A
8,195,2022,MEDNG12M_A
9,9,2022,MEDNG12M_A
7,3,2022,MEDNG12M_A
1,19659,2022,RX12M_A
2,7702,2022,RX12M_A
8,256,2022,RX12M_A
7,27,2022,RX12M_A
9,7,2022,RX12M_A
2,18956,2022,RXSK12M_A
,7992,2022,RXSK12M_A
1,696,2022,RXSK12M_A
9,2,2022,RXSK12M_A
8,5,2022,RXSK12M_A
2,18870,2022,RXLS12M_A
,7992,2022,RXLS12M_A
1,779,2022,RXLS12M_A
8,7,2022,RXLS12M_A
9,2,2022,RXLS12M_A
7,1,2022,RXLS12M_A
2,18634,2022,RXDL12M_A
,7992,2022,RXDL12M_A
1,1018,2022,RXDL12M_A
8,7,2022,RXDL12M_A
2,25916,2022,RXDG12M_A
1,1450,2022,RXDG12M_A
8,266,2022,RXDG12M_A
7,9,2022,RXDG12M_A
9,10,2022,RXDG12M_A
1,1133,2023,STREV_A
2,28351,2023,STREV_A
7,24,2023,STREV_A
9,14,2023,STREV_A
2,27352,2023,MEDDL12M_A
1,1931,2023,MEDDL12M_A
8,222,2023,MEDDL12M_A
7,6,2023,MEDDL12M_A
9,11,2023,MEDDL12M_A
2,27560,2023,MEDNG12M_A
1,1716,2023,MEDNG12M_A
8,223,2023,MEDNG12M_A
7,12,2023,MEDNG12M_A
9,11,2023,MEDNG12M_A
1,21425,2023,RX12M_A
2,7781,2023,RX12M_A
8,269,2023,RX12M_A
7,34,2023,RX12M_A
9,13,2023,RX12M_A
2,20529,2023,RXSK12M_A
,8097,2023,RXSK12M_A
1,891,2023,RXSK12M_A
7,1,2023,RXSK12M_A
9,3,2023,RXSK12M_A
8,1,2023,RXSK12M_A
2,20410,2023,RXLS12M_A
,8097,2023,RXLS12M_A
1,1010,2023,RXLS12M_A
8,2,2023,RXLS12M_A
9,3,2023,RXLS12M_A
2,20152,2023,RXDL12M_A
,8097,2023,RXDL12M_A
1,1267,2023,RXDL12M_A
9,3,2023,RXDL12M_A
8,3,2023,RXDL12M_A
2,27565,2023,RXDG12M_A
1,1671,2023,RXDG12M_A
8,274,2023,RXDG12M_A
7,7,2023,RXDG12M_A
9,5,2023,RXDG12M_A
2,31349,2024,STREV_A
1,1246,2024,STREV_A
7,21,2024,STREV_A
9,13,2024,STREV_A
2,29791,2024,MEDDL12M_A
8,255,2024,MEDDL12M_A
1,2564,2024,MEDDL12M_A
7,10,2024,MEDDL12M_A
9,9,2024,MEDDL12M_A
2,30159,2024,MEDNG12M_A
8,259,2024,MEDNG12M_A
1,2195,2024,MEDNG12M_A
7,10,2024,MEDNG12M_A
9,6,2024,MEDNG12M_A
2,8081,2024,RX12M_A
1,24215,2024,RX12M_A
8,296,2024,RX12M_A
7,21,2024,RX12M_A
9,16,2024,RX12M_A
,8414,2024,RXSK12M_A
2,23215,2024,RXSK12M_A
1,993,2024,RXSK12M_A
9,2,2024,RXSK12M_A
7,2,2024,RXSK12M_A
8,3,2024,RXSK12M_A
,8414,2024,RXLS12M_A
2,23133,2024,RXLS12M_A
1,1077,2024,RXLS12M_A
8,3,2024,RXLS12M_A
7,1,2024,RXLS12M_A
9,1,2024,RXLS12M_A
,8414,2024,RXDL12M_A
2,22788,2024,RXDL12M_A
1,1421,2024,RXDL12M_A
8,5,2024,RXDL12M_A
7,1,2024,RXDL12M_A
2,30355,2024,RXDG12M_A
1,1953,2024,RXDG12M_A
8,302,2024,RXDG12M_A
7,8,2024,RXDG12M_A
9,11,2024,RXDG12M_A
2,23275,2025,STREV_A
1,904,2025,STREV_A
9,15,2025,STREV_A
7,21,2025,STREV_A
2,22457,2025,MEDDL12M_A
1,1564,2025,MEDDL12M_A
8,187,2025,MEDDL12M_A
7,5,2025,MEDDL12M_A
9,2,2025,MEDDL12M_A
2,22667,2025,MEDNG12M_A
8,188,2025,MEDNG12M_A
1,1351,2025,MEDNG12M_A
7,5,2025,MEDNG12M_A
9,4,2025,MEDNG12M_A
1,18150,2025,RX12M_A
2,5818,2025,RX12M_A
8,213,2025,RX12M_A
9,12,2025,RX12M_A
7,22,2025,RX12M_A
2,17450,2025,RXSK12M_A
,6065,2025,RXSK12M_A
1,699,2025,RXSK12M_A
7,1,2025,RXSK12M_A
2,17364,2025,RXLS12M_A
,6065,2025,RXLS12M_A
1,782,2025,RXLS12M_A
7,1,2025,RXLS12M_A
9,2,2025,RXLS12M_A
8,1,2025,RXLS12M_A
2,17132,2025,RXDL12M_A
,6065,2025,RXDL12M_A
1,1013,2025,RXDL12M_A
7,1,2025,RXDL12M_A
8,2,2025,RXDL12M_A
9,2,2025,RXDL12M_A
2,22611,2025,RXDG12M_A
8,216,2025,RXDG12M_A
1,1377,2025,RXDG12M_A
7,7,2025,RXDG12M_A
9,4,2025,RXDG12M_A
